index,action,cost,probability,feature1,feature2
1,4,-458,0.1,0.1,934
2,8,-920,0.1,0.15,1363
3,6,-1258,0.1,0.15,1656
4,9,-1455,0.1,0.2,2115
5,9,-1738,0.1,0.22,2594
6,10,-1978,0.1,0.22,1254
7,1,-666,0.1,0.25,16351
8,5,-2412,0.1,0.38,2811
9,1,-641,0.1,0.41,27536
10,6,-3938,0.1,0.42,3625
11,6,-3842,0.1,0.46,3647
12,5,-4106,0.1,0.39,3323
13,6,-3669,0.1,0.52,4653
14,8,-4723,0.1,0.59,4570
15,3,-2296,0.1,0.41,29206
16,1,-584,0.1,0.43,23754
17,3,-2963,0.1,0.39,11635
18,4,-3724,0.1,0.36,5900
19,7,-3417,0.1,0.26,2059
20,10,-2446,0.1,0.15,3043
21,10,-1458,0.1,0.11,619
22,10,-958,0.1,0.1,572
23,9,-823,0.1,0.08,993
24,4,-506,0.1,0.1,146
25,2,-882,0.1,0.15,821
26,4,-1343,0.1,0.15,945
27,1,-1181,0.1,0.2,2902
28,9,-1855,0.1,0.22,1032
29,10,-1954,0.1,0.22,2291
30,2,-1861,0.1,0.25,3025
31,5,-2400,0.1,0.38,2600
32,5,-3553,0.1,0.41,4432
33,8,-3811,0.1,0.42,5926
34,4,-3785,0.1,0.46,5128
35,10,-4547,0.1,0.39,3298
36,10,-3553,0.1,0.52,3644
37,4,-4249,0.1,0.59,8221
38,10,-5425,0.1,0.41,5654
39,10,-3774,0.1,0.43,3155
40,7,-3926,0.1,0.39,4342
41,4,-3492,0.1,0.36,3370
42,8,-3373,0.1,0.26,2410
43,4,-2282,0.1,0.15,2891
44,7,-1509,0.1,0.11,1453
45,5,-1061,0.1,0.1,2132
46,5,-975,0.1,0.08,913
47,4,-429,0.1,0.1,952
48,5,-852,0.1,0.15,980
49,6,-1288,0.1,0.15,1089
50,4,-1279,0.1,0.2,932
51,5,-1702,0.1,0.22,2508
52,5,-2079,0.1,0.22,1862
53,1,-918,0.1,0.25,8398
54,7,-2419,0.1,0.38,2436
55,6,-3486,0.1,0.41,4213
56,7,-4006,0.1,0.42,4518
57,9,-3830,0.1,0.46,4172
58,6,-4178,0.1,0.39,3430
59,9,-3653,0.1,0.52,3366
60,3,-2591,0.1,0.59,22407
61,8,-5420,0.1,0.41,5387
62,9,-3811,0.1,0.43,3865
63,8,-3801,0.1,0.39,4227
64,3,-2961,0.1,0.36,5231
65,5,-3480,0.1,0.26,3025
66,6,-2316,0.1,0.15,4027
67,5,-1444,0.1,0.11,850
68,5,-997,0.1,0.1,428
69,1,-949,0.1,0.08,1716
70,4,-477,0.1,0.1,194
71,4,-893,0.1,0.15,893
72,10,-1494,0.1,0.15,1220
73,8,-1398,0.1,0.2,653
74,9,-1823,0.1,0.22,3194
75,4,-1962,0.1,0.22,1933
76,7,-2069,0.1,0.25,1614
77,3,-2213,0.1,0.38,1448
78,8,-3577,0.1,0.41,2481
79,2,-1559,0.1,0.42,20152
80,6,-3886,0.1,0.46,2735
81,7,-4316,0.1,0.39,3573
82,9,-3669,0.1,0.52,5089
83,6,-4798,0.1,0.59,5174
84,9,-5437,0.1,0.41,6696
85,4,-3593,0.1,0.43,4355
86,9,-4072,0.1,0.39,3780
87,9,-3466,0.1,0.36,1963
88,3,-3240,0.1,0.26,5143
89,2,-2192,0.1,0.15,6296
90,7,-1607,0.1,0.11,865
91,4,-1009,0.1,0.1,453
92,5,-918,0.1,0.08,638
93,4,-495,0.1,0.1,341
94,7,-887,0.1,0.15,1080
95,2,-1409,0.1,0.15,1314
96,4,-1283,0.1,0.2,1170
97,2,-1648,0.1,0.22,2117
98,8,-2035,0.1,0.22,2254
99,9,-1981,0.1,0.25,2644
100,7,-2264,0.1,0.38,2949
101,9,-3434,0.1,0.41,1828
102,7,-3556,0.1,0.42,3178
103,3,-3398,0.1,0.46,9495
104,2,-1277,0.1,0.39,38504
105,8,-3845,0.1,0.52,3665
106,10,-4676,0.1,0.59,5386
107,7,-5302,0.1,0.41,6595
108,8,-3754,0.1,0.43,3934
109,7,-3829,0.1,0.39,4207
110,9,-3587,0.1,0.36,3510
111,1,-661,0.1,0.26,28625
112,9,-2510,0.1,0.15,1886
113,10,-1336,0.1,0.11,1804
114,2,-961,0.1,0.1,1901
115,9,-926,0.1,0.08,1223
116,4,-426,0.1,0.1,65
117,4,-811,0.1,0.15,299
118,6,-1338,0.1,0.15,858
119,4,-1367,0.1,0.2,1196
120,10,-1731,0.1,0.22,2536
121,7,-1993,0.1,0.22,1709
122,5,-1975,0.1,0.25,2426
123,1,-630,0.1,0.38,20907
124,6,-3598,0.1,0.41,3495
125,1,-576,0.1,0.42,26978
126,2,-1369,0.1,0.46,26990
127,1,-584,0.1,0.39,25588
128,5,-3742,0.1,0.52,4294
129,10,-4748,0.1,0.59,5868
130,1,-701,0.1,0.41,35075
131,2,-1420,0.1,0.43,22517
132,3,-2188,0.1,0.39,15921
133,3,-2517,0.1,0.36,9145
134,5,-3375,0.1,0.26,2527
135,7,-2274,0.1,0.15,1257
136,1,-1017,0.1,0.11,4133
137,5,-1124,0.1,0.1,868
138,3,-911,0.1,0.08,702
139,4,-412,0.1,0.1,373
140,6,-962,0.1,0.15,1396
141,2,-1427,0.1,0.15,1605
142,6,-1414,0.1,0.2,2868
143,8,-1847,0.1,0.22,1424
144,7,-1902,0.1,0.22,2378
145,7,-2065,0.1,0.25,1788
146,3,-2265,0.1,0.38,2225
147,6,-3615,0.1,0.41,5333
148,8,-3809,0.1,0.42,4685
149,2,-1448,0.1,0.46,20566
150,4,-3620,0.1,0.39,5498
151,6,-3764,0.1,0.52,3229
152,7,-4665,0.1,0.59,6627
153,2,-1418,0.1,0.41,43221
154,1,-604,0.1,0.43,27034
155,4,-3743,0.1,0.39,6463
156,9,-3703,0.1,0.36,3864
157,2,-1321,0.1,0.26,15542
158,4,-2417,0.1,0.15,1254
159,7,-1285,0.1,0.11,1678
160,8,-1008,0.1,0.1,352
161,8,-913,0.1,0.08,458
162,4,-416,0.1,0.1,619
163,2,-940,0.1,0.15,825
164,9,-1479,0.1,0.15,1142
165,8,-1292,0.1,0.2,1704
166,2,-1885,0.1,0.22,2467
167,2,-1971,0.1,0.22,2078
168,8,-1950,0.1,0.25,2450
169,10,-2270,0.1,0.38,1650
170,7,-3376,0.1,0.41,2387
171,3,-3339,0.1,0.42,3478
172,7,-3856,0.1,0.46,3443
173,9,-4194,0.1,0.39,4812
174,5,-3479,0.1,0.52,4375
175,1,-688,0.1,0.59,32230
176,10,-5432,0.1,0.41,4233
177,4,-3650,0.1,0.43,4693
178,3,-3171,0.1,0.39,11350
179,7,-3854,0.1,0.36,4147
180,5,-3355,0.1,0.26,2528
181,9,-2512,0.1,0.15,2696
182,6,-1411,0.1,0.11,1359
183,1,-917,0.1,0.1,773
184,10,-1000,0.1,0.08,1106
185,4,-444,0.1,0.1,205
186,6,-895,0.1,0.15,879
187,5,-1360,0.1,0.15,2611
188,4,-1392,0.1,0.2,694
189,1,-768,0.1,0.22,5066
190,10,-2125,0.1,0.22,2080
191,5,-2076,0.1,0.25,2726
192,5,-2350,0.1,0.38,3273
193,8,-3521,0.1,0.41,2913
194,6,-3793,0.1,0.42,3787
195,4,-3699,0.1,0.46,4246
196,9,-4593,0.1,0.39,6595
197,6,-3713,0.1,0.52,3482
198,8,-4737,0.1,0.59,4510
199,6,-5475,0.1,0.41,7498
200,1,-605,0.1,0.43,23949
201,4,-3783,0.1,0.39,5734
202,8,-3785,0.1,0.36,4825
203,9,-3411,0.1,0.26,2957
204,5,-2470,0.1,0.15,2609
205,1,-766,0.1,0.11,3040
206,9,-1132,0.1,0.1,719
207,6,-937,0.1,0.08,1584
208,4,-438,0.1,0.1,482
209,7,-905,0.1,0.15,1807
210,9,-1544,0.1,0.15,2116
211,3,-1322,0.1,0.2,2107
212,1,-676,0.1,0.22,11680
213,5,-2203,0.1,0.22,3248
214,8,-2120,0.1,0.25,2052
215,10,-2342,0.1,0.38,2061
216,5,-3451,0.1,0.41,2489
217,2,-1468,0.1,0.42,33703
218,2,-1178,0.1,0.46,28555
219,8,-4253,0.1,0.39,4743
220,9,-3521,0.1,0.52,3031
221,3,-2173,0.1,0.59,22833
222,3,-1794,0.1,0.41,40319
223,6,-3882,0.1,0.43,3527
224,9,-3869,0.1,0.39,2250
225,10,-3534,0.1,0.36,3189
226,2,-1464,0.1,0.26,19463
227,9,-2790,0.1,0.15,2893
228,5,-1348,0.1,0.11,1655
229,10,-1103,0.1,0.1,727
230,5,-847,0.1,0.08,313
231,4,-409,0.1,0.1,369
232,6,-847,0.1,0.15,952
233,5,-1280,0.1,0.15,790
234,2,-1346,0.1,0.2,1444
235,7,-1982,0.1,0.22,2004
236,2,-1947,0.1,0.22,3943
237,8,-2158,0.1,0.25,1492
238,10,-2259,0.1,0.38,2982
239,6,-3256,0.1,0.41,4370
240,5,-3930,0.1,0.42,4387
241,1,-595,0.1,0.46,27101
242,2,-1276,0.1,0.39,29849
243,6,-3763,0.1,0.52,5213
244,2,-1535,0.1,0.59,38554
245,7,-5445,0.1,0.41,6983
246,4,-3797,0.1,0.43,4480
247,6,-4052,0.1,0.39,4974
248,10,-3674,0.1,0.36,3703
249,9,-3203,0.1,0.26,2847
250,8,-2317,0.1,0.15,3203
251,10,-1487,0.1,0.11,2690
252,8,-1024,0.1,0.1,2002
253,10,-860,0.1,0.08,1072
254,4,-396,0.1,0.1,1509
255,8,-1003,0.1,0.15,790
256,8,-1397,0.1,0.15,1093
257,5,-1310,0.1,0.2,1582
258,1,-701,0.1,0.22,10690
259,10,-2156,0.1,0.22,2676
260,9,-1955,0.1,0.25,2956
261,3,-2202,0.1,0.38,2383
262,3,-3220,0.1,0.41,9083
263,6,-3925,0.1,0.42,5457
264,8,-3977,0.1,0.46,4320
265,8,-4152,0.1,0.39,4352
266,1,-731,0.1,0.52,21751
267,2,-1235,0.1,0.59,36896
268,2,-1198,0.1,0.41,34324
269,8,-3962,0.1,0.43,4221
270,4,-3838,0.1,0.39,5410
271,4,-3682,0.1,0.36,4387
272,10,-3391,0.1,0.26,5316
273,9,-2505,0.1,0.15,2995
274,8,-1376,0.1,0.11,1759
275,1,-995,0.1,0.1,1348
276,1,-967,0.1,0.08,315
277,4,-373,0.1,0.1,1075
278,10,-882,0.1,0.15,389
279,1,-961,0.1,0.15,2890
280,3,-1506,0.1,0.2,1641
281,6,-1853,0.1,0.22,2050
282,8,-2011,0.1,0.22,1451
283,4,-1997,0.1,0.25,1533
284,7,-2310,0.1,0.38,2157
285,8,-3439,0.1,0.41,3670
286,4,-3782,0.1,0.42,6421
287,7,-4134,0.1,0.46,3730
288,8,-4288,0.1,0.39,5511
289,3,-3198,0.1,0.52,7671
290,9,-4974,0.1,0.59,4797
291,10,-5640,0.1,0.41,5550
292,10,-3849,0.1,0.43,3170
293,9,-3879,0.1,0.39,4234
294,7,-3623,0.1,0.36,4386
295,4,-3213,0.1,0.26,3887
296,3,-2433,0.1,0.15,1858
297,7,-1435,0.1,0.11,2630
298,8,-1118,0.1,0.1,840
299,6,-922,0.1,0.08,769
300,4,-483,0.1,0.1,197
301,6,-789,0.1,0.15,929
302,10,-1360,0.1,0.15,904
303,1,-1219,0.1,0.2,2904
304,10,-1760,0.1,0.22,2471
305,4,-2160,0.1,0.22,1798
306,3,-2026,0.1,0.25,2585
307,6,-2383,0.1,0.38,4135
308,1,-665,0.1,0.41,26454
309,10,-3902,0.1,0.42,3845
310,8,-3701,0.1,0.46,3176
311,10,-4237,0.1,0.39,5154
312,10,-3500,0.1,0.52,5110
313,10,-4862,0.1,0.59,3829
314,10,-5461,0.1,0.41,4862
315,6,-3870,0.1,0.43,3710
316,9,-4151,0.1,0.39,3889
317,6,-3423,0.1,0.36,3939
318,8,-3394,0.1,0.26,1900
319,3,-2414,0.1,0.15,3541
320,6,-1367,0.1,0.11,1249
321,1,-1018,0.1,0.1,1490
322,3,-908,0.1,0.08,2176
323,4,-415,0.1,0.1,288
324,7,-956,0.1,0.15,1272
325,4,-1386,0.1,0.15,2333
326,6,-1371,0.1,0.2,1633
327,8,-1847,0.1,0.22,2423
328,8,-2034,0.1,0.22,1030
329,3,-1933,0.1,0.25,1184
330,10,-2398,0.1,0.38,3319
331,6,-3472,0.1,0.41,4744
332,9,-3885,0.1,0.42,3621
333,5,-3744,0.1,0.46,2222
334,5,-4014,0.1,0.39,4905
335,9,-3568,0.1,0.52,5041
336,9,-4648,0.1,0.59,5277
337,3,-2173,0.1,0.41,28293
338,4,-3339,0.1,0.43,5718
339,4,-3857,0.1,0.39,6618
340,8,-3696,0.1,0.36,5595
341,1,-640,0.1,0.26,24340
342,2,-1814,0.1,0.15,2353
343,5,-1474,0.1,0.11,962
344,4,-1017,0.1,0.1,1397
345,1,-836,0.1,0.08,1524
346,4,-443,0.1,0.1,553
347,3,-920,0.1,0.15,1046
348,2,-1513,0.1,0.15,1714
349,6,-1455,0.1,0.2,1013
350,5,-1836,0.1,0.22,2588
351,7,-2031,0.1,0.22,1756
352,2,-1935,0.1,0.25,2756
353,9,-2404,0.1,0.38,2795
354,7,-3527,0.1,0.41,4850
355,3,-3406,0.1,0.42,5132
356,10,-3949,0.1,0.46,3095
357,10,-4219,0.1,0.39,4330
358,3,-3275,0.1,0.52,8070
359,3,-2073,0.1,0.59,21774
360,1,-604,0.1,0.41,38741
361,10,-3927,0.1,0.43,3949
362,9,-3824,0.1,0.39,3706
363,5,-3428,0.1,0.36,2428
364,1,-671,0.1,0.26,21494
365,4,-2382,0.1,0.15,3857
366,7,-1512,0.1,0.11,1539
367,9,-1035,0.1,0.1,1539
368,8,-983,0.1,0.08,450
369,4,-437,0.1,0.1,487
370,1,-869,0.1,0.15,886
371,10,-1468,0.1,0.15,2725
372,5,-1493,0.1,0.2,1060
373,10,-1875,0.1,0.22,1747
374,5,-1987,0.1,0.22,1177
375,10,-2073,0.1,0.25,2417
376,3,-2386,0.1,0.38,2824
377,6,-3599,0.1,0.41,3541
378,5,-3607,0.1,0.42,4034
379,2,-1445,0.1,0.46,16467
380,3,-2370,0.1,0.39,12373
381,1,-631,0.1,0.52,26812
382,4,-4166,0.1,0.59,11540
383,3,-2053,0.1,0.41,29378
384,8,-4144,0.1,0.43,4003
385,8,-4015,0.1,0.39,3941
386,3,-3271,0.1,0.36,8954
387,4,-3397,0.1,0.26,4230
388,6,-2577,0.1,0.15,3653
389,8,-1402,0.1,0.11,1093
390,4,-1012,0.1,0.1,1210
391,10,-893,0.1,0.08,608
392,4,-374,0.1,0.1,510
393,6,-925,0.1,0.15,1030
394,4,-1309,0.1,0.15,910
395,5,-1281,0.1,0.2,780
396,7,-1886,0.1,0.22,344
397,4,-1958,0.1,0.22,2646
398,9,-1940,0.1,0.25,2547
399,4,-2369,0.1,0.38,2811
400,8,-3495,0.1,0.41,2873
401,1,-667,0.1,0.42,27244
402,9,-3939,0.1,0.46,4851
403,8,-4333,0.1,0.39,4619
404,3,-3078,0.1,0.52,6643
405,10,-4814,0.1,0.59,5384
406,9,-5234,0.1,0.41,5272
407,10,-3698,0.1,0.43,2150
408,9,-3938,0.1,0.39,4262
409,8,-3567,0.1,0.36,3395
410,3,-3060,0.1,0.26,5072
411,9,-2673,0.1,0.15,2707
412,9,-1401,0.1,0.11,348
413,3,-1086,0.1,0.1,984
414,3,-1048,0.1,0.08,877
415,4,-508,0.1,0.1,185
416,9,-844,0.1,0.15,986
417,2,-1347,0.1,0.15,1279
418,10,-1501,0.1,0.2,2159
419,5,-1797,0.1,0.22,2023
420,10,-2028,0.1,0.22,2226
421,4,-2167,0.1,0.25,2510
422,9,-2290,0.1,0.38,1997
423,10,-3375,0.1,0.41,4365
424,1,-624,0.1,0.42,27000
425,2,-1290,0.1,0.46,22314
426,9,-4465,0.1,0.39,5603
427,2,-1396,0.1,0.52,24658
428,4,-3629,0.1,0.59,6333
429,2,-1316,0.1,0.41,41104
430,5,-3744,0.1,0.43,4039
431,7,-3959,0.1,0.39,2845
432,9,-3538,0.1,0.36,4194
433,1,-654,0.1,0.26,25306
434,6,-2610,0.1,0.15,1979
435,6,-1393,0.1,0.11,1501
436,7,-1017,0.1,0.1,479
437,10,-986,0.1,0.08,939
438,4,-404,0.1,0.1,310
439,1,-818,0.1,0.15,1251
440,1,-969,0.1,0.15,3325
441,6,-1475,0.1,0.2,2209
442,4,-1732,0.1,0.22,1353
443,5,-2005,0.1,0.22,2659
444,3,-2046,0.1,0.25,1818
445,1,-692,0.1,0.38,10542
446,1,-599,0.1,0.41,22281
447,3,-3089,0.1,0.42,6272
448,7,-4001,0.1,0.46,4319
449,2,-1343,0.1,0.39,33612
450,10,-3641,0.1,0.52,4803
451,9,-4821,0.1,0.59,6450
452,5,-5185,0.1,0.41,5912
453,8,-3951,0.1,0.43,3200
454,5,-3930,0.1,0.39,4904
455,8,-3632,0.1,0.36,4742
456,4,-3111,0.1,0.26,3395
457,6,-2318,0.1,0.15,2916
458,5,-1463,0.1,0.11,1845
459,2,-986,0.1,0.1,537
460,1,-864,0.1,0.08,710
461,4,-438,0.1,0.1,854
462,1,-899,0.1,0.15,1065
463,7,-1359,0.1,0.15,1637
464,2,-1274,0.1,0.2,2237
465,2,-1921,0.1,0.22,1363
466,7,-2078,0.1,0.22,968
467,9,-2059,0.1,0.25,1720
468,5,-2261,0.1,0.38,2035
469,2,-1582,0.1,0.41,14635
470,3,-2746,0.1,0.42,8703
471,9,-3906,0.1,0.46,2985
472,10,-4274,0.1,0.39,3951
473,3,-3221,0.1,0.52,8020
474,8,-4998,0.1,0.59,4107
475,1,-647,0.1,0.41,41941
476,6,-3807,0.1,0.43,2603
477,2,-1358,0.1,0.39,20699
478,9,-3687,0.1,0.36,3466
479,1,-649,0.1,0.26,23865
480,5,-2297,0.1,0.15,2454
481,2,-1422,0.1,0.11,1060
482,4,-988,0.1,0.1,697
483,7,-1006,0.1,0.08,361
484,4,-524,0.1,0.1,891
485,6,-888,0.1,0.15,1034
486,10,-1412,0.1,0.15,1620
487,2,-1355,0.1,0.2,2063
488,4,-1915,0.1,0.22,1938
489,8,-1989,0.1,0.22,1253
490,1,-700,0.1,0.25,13863
491,2,-1972,0.1,0.38,7160
492,5,-3545,0.1,0.41,3455
493,6,-3751,0.1,0.42,3953
494,7,-4042,0.1,0.46,4553
495,6,-4138,0.1,0.39,3038
496,4,-3547,0.1,0.52,3826
497,2,-1338,0.1,0.59,37066
498,6,-5139,0.1,0.41,5932
499,7,-3736,0.1,0.43,5466
500,3,-2795,0.1,0.39,13412
501,3,-3163,0.1,0.36,6148
502,3,-3172,0.1,0.26,6153
503,9,-2653,0.1,0.15,2311
504,8,-1312,0.1,0.11,1839
505,8,-1043,0.1,0.1,757
506,5,-888,0.1,0.08,957
507,4,-419,0.1,0.1,31
508,3,-903,0.1,0.15,1508
509,4,-1269,0.1,0.15,1330
510,4,-1365,0.1,0.2,1279
511,5,-1634,0.1,0.22,1484
512,9,-2168,0.1,0.22,1907
513,6,-2083,0.1,0.25,2458
514,1,-678,0.1,0.38,14834
515,8,-3637,0.1,0.41,2253
516,7,-3795,0.1,0.42,3280
517,1,-627,0.1,0.46,26128
518,8,-4403,0.1,0.39,4382
519,3,-3453,0.1,0.52,6652
520,8,-4829,0.1,0.59,5372
521,5,-5336,0.1,0.41,6358
522,4,-3774,0.1,0.43,3517
523,10,-4065,0.1,0.39,4261
524,3,-3363,0.1,0.36,5983
525,2,-1448,0.1,0.26,14305
526,8,-2613,0.1,0.15,3184
527,7,-1407,0.1,0.11,1432
528,7,-1042,0.1,0.1,632
529,7,-896,0.1,0.08,806
530,4,-432,0.1,0.1,433
531,7,-859,0.1,0.15,1274
532,7,-1508,0.1,0.15,2231
533,7,-1392,0.1,0.2,1660
534,1,-770,0.1,0.22,11790
535,3,-1903,0.1,0.22,2865
536,8,-2071,0.1,0.25,1696
537,5,-2232,0.1,0.38,2226
538,8,-3486,0.1,0.41,4199
539,1,-606,0.1,0.42,29079
540,2,-1270,0.1,0.46,24796
541,8,-4391,0.1,0.39,4795
542,7,-3410,0.1,0.52,4788
543,7,-4867,0.1,0.59,5408
544,1,-623,0.1,0.41,34064
545,9,-3869,0.1,0.43,3184
546,5,-3934,0.1,0.39,6437
547,7,-3599,0.1,0.36,3247
548,2,-1667,0.1,0.26,13853
549,7,-2537,0.1,0.15,2488
550,2,-1355,0.1,0.11,2149
551,7,-1060,0.1,0.1,1215
552,1,-906,0.1,0.08,1556
553,4,-386,0.1,0.1,35
554,9,-960,0.1,0.15,1479
555,9,-1383,0.1,0.15,995
556,4,-1416,0.1,0.2,1224
557,10,-1722,0.1,0.22,2122
558,6,-2171,0.1,0.22,1804
559,7,-1972,0.1,0.25,3050
560,8,-2368,0.1,0.38,1526
561,9,-3439,0.1,0.41,1803
562,8,-3706,0.1,0.42,5166
563,10,-3894,0.1,0.46,3051
564,3,-2482,0.1,0.39,14279
565,4,-3630,0.1,0.52,3853
566,10,-4866,0.1,0.59,5199
567,3,-2371,0.1,0.41,30852
568,1,-569,0.1,0.43,28072
569,7,-4217,0.1,0.39,3907
570,3,-3109,0.1,0.36,5718
571,10,-3440,0.1,0.26,3684
572,1,-709,0.1,0.15,20502
573,10,-1615,0.1,0.11,1348
574,9,-1098,0.1,0.1,2270
575,8,-975,0.1,0.08,407
576,4,-432,0.1,0.1,321
577,3,-911,0.1,0.15,455
578,2,-1339,0.1,0.15,1646
579,8,-1374,0.1,0.2,1628
580,4,-1907,0.1,0.22,2454
581,7,-2023,0.1,0.22,1403
582,6,-1963,0.1,0.25,1232
583,4,-2367,0.1,0.38,3370
584,6,-3641,0.1,0.41,3381
585,7,-3803,0.1,0.42,3680
586,8,-3634,0.1,0.46,2317
587,1,-602,0.1,0.39,36838
588,10,-3592,0.1,0.52,3816
589,10,-4933,0.1,0.59,4334
590,7,-5361,0.1,0.41,3862
591,10,-3779,0.1,0.43,3479
592,7,-3771,0.1,0.39,4472
593,10,-3486,0.1,0.36,2650
594,7,-3250,0.1,0.26,2582
595,10,-2463,0.1,0.15,3582
596,1,-1069,0.1,0.11,3448
597,5,-1097,0.1,0.1,1710
598,6,-883,0.1,0.08,572
599,4,-543,0.1,0.1,623
600,3,-894,0.1,0.15,627
601,6,-1324,0.1,0.15,876
602,10,-1451,0.1,0.2,1327
603,8,-1800,0.1,0.22,1681
604,5,-1954,0.1,0.22,2444
605,7,-2125,0.1,0.25,1492
606,6,-2246,0.1,0.38,1097
607,7,-3487,0.1,0.41,3676
608,7,-3715,0.1,0.42,4219
609,3,-3524,0.1,0.46,5015
610,5,-4361,0.1,0.39,5140
611,10,-3707,0.1,0.52,3033
612,1,-674,0.1,0.59,34254
613,10,-5143,0.1,0.41,6140
614,5,-3787,0.1,0.43,4348
615,7,-4111,0.1,0.39,3287
616,2,-1443,0.1,0.36,16972
617,7,-3487,0.1,0.26,4053
618,10,-2568,0.1,0.15,2785
619,3,-1412,0.1,0.11,2062
620,3,-1144,0.1,0.1,1766
621,10,-882,0.1,0.08,256
622,4,-446,0.1,0.1,145
623,10,-879,0.1,0.15,1962
624,7,-1367,0.1,0.15,453
625,3,-1366,0.1,0.2,1495
626,7,-1735,0.1,0.22,2405
627,2,-1992,0.1,0.22,1187
628,2,-1909,0.1,0.25,2351
629,3,-2312,0.1,0.38,1892
630,4,-3353,0.1,0.41,2551
631,3,-3085,0.1,0.42,10835
632,2,-1180,0.1,0.46,22325
633,10,-4382,0.1,0.39,4718
634,6,-3504,0.1,0.52,2618
635,9,-4797,0.1,0.59,4974
636,3,-2470,0.1,0.41,17081
637,2,-1246,0.1,0.43,25928
638,8,-4031,0.1,0.39,4160
639,2,-1426,0.1,0.36,20479
640,5,-3331,0.1,0.26,4639
641,1,-615,0.1,0.15,15716
642,10,-1777,0.1,0.11,1624
643,3,-997,0.1,0.1,1110
644,5,-880,0.1,0.08,1118
645,4,-459,0.1,0.1,547
646,6,-858,0.1,0.15,566
647,9,-1404,0.1,0.15,897
648,7,-1393,0.1,0.2,786
649,2,-1759,0.1,0.22,1826
650,9,-2052,0.1,0.22,1644
651,8,-2131,0.1,0.25,1428
652,3,-2109,0.1,0.38,2630
653,4,-3604,0.1,0.41,2892
654,5,-3949,0.1,0.42,4059
655,3,-3494,0.1,0.46,6153
656,6,-4341,0.1,0.39,5297
657,9,-3465,0.1,0.52,4580
658,4,-4308,0.1,0.59,9093
659,2,-1239,0.1,0.41,39383
660,6,-3792,0.1,0.43,3511
661,3,-3284,0.1,0.39,8701
662,9,-3523,0.1,0.36,4106
663,4,-3368,0.1,0.26,2882
664,6,-2576,0.1,0.15,3240
665,2,-1350,0.1,0.11,1682
666,3,-1161,0.1,0.1,1338
667,10,-1024,0.1,0.08,1655
668,4,-503,0.1,0.1,0
669,7,-940,0.1,0.15,731
670,8,-1308,0.1,0.15,1371
671,8,-1238,0.1,0.2,2021
672,9,-1827,0.1,0.22,1040
673,5,-2127,0.1,0.22,2260
674,7,-1974,0.1,0.25,961
675,2,-2176,0.1,0.38,2185
676,1,-595,0.1,0.41,24245
677,2,-1263,0.1,0.42,27449
678,8,-3884,0.1,0.46,5337
679,4,-4069,0.1,0.39,9630
680,7,-3771,0.1,0.52,2839
681,7,-4703,0.1,0.59,5061
682,9,-5320,0.1,0.41,4732
683,9,-3823,0.1,0.43,3896
684,5,-3885,0.1,0.39,4123
685,10,-3634,0.1,0.36,5238
686,6,-3243,0.1,0.26,3251
687,9,-2375,0.1,0.15,1749
688,4,-1336,0.1,0.11,1399
689,5,-950,0.1,0.1,586
690,10,-886,0.1,0.08,948
691,4,-458,0.1,0.1,380
692,8,-904,0.1,0.15,1168
693,6,-1338,0.1,0.15,1641
694,4,-1318,0.1,0.2,1576
695,10,-1863,0.1,0.22,2533
696,4,-1921,0.1,0.22,1714
697,6,-2088,0.1,0.25,1967
698,6,-2410,0.1,0.38,3372
699,2,-1517,0.1,0.41,13650
700,8,-3998,0.1,0.42,3480
701,3,-2493,0.1,0.46,14820
702,5,-4303,0.1,0.39,4177
703,9,-3613,0.1,0.52,2859
704,10,-4597,0.1,0.59,4479
705,5,-5188,0.1,0.41,8499
706,4,-3883,0.1,0.43,3922
707,4,-4013,0.1,0.39,3001
708,6,-3648,0.1,0.36,3923
709,8,-3347,0.1,0.26,4413
710,5,-2341,0.1,0.15,2037
711,6,-1426,0.1,0.11,1016
712,4,-976,0.1,0.1,1245
713,3,-871,0.1,0.08,1474
714,4,-457,0.1,0.1,628
715,10,-852,0.1,0.15,1162
716,7,-1385,0.1,0.15,869
717,4,-1441,0.1,0.2,1681
718,10,-1917,0.1,0.22,2235
719,2,-2058,0.1,0.22,1616
720,4,-2023,0.1,0.25,2232
721,4,-2142,0.1,0.38,2481
722,2,-1498,0.1,0.41,18448
723,7,-4062,0.1,0.42,3712
724,4,-3915,0.1,0.46,5699
725,7,-4311,0.1,0.39,4575
726,1,-626,0.1,0.52,26434
727,9,-4761,0.1,0.59,6040
728,9,-5379,0.1,0.41,4177
729,2,-1570,0.1,0.43,22806
730,5,-3909,0.1,0.39,3001
731,6,-3419,0.1,0.36,3245
732,9,-3316,0.1,0.26,3101
733,2,-2176,0.1,0.15,3949
734,5,-1481,0.1,0.11,999
735,4,-956,0.1,0.1,1097
736,5,-989,0.1,0.08,1668
737,4,-495,0.1,0.1,150
738,5,-862,0.1,0.15,537
739,8,-1403,0.1,0.15,1056
740,1,-680,0.1,0.2,4038
741,5,-1824,0.1,0.22,2266
742,7,-2055,0.1,0.22,2447
743,7,-1998,0.1,0.25,2082
744,8,-2261,0.1,0.38,2746
745,1,-655,0.1,0.41,22327
746,2,-1526,0.1,0.42,18910
747,8,-3967,0.1,0.46,5082
748,7,-4143,0.1,0.39,3035
749,2,-1546,0.1,0.52,25111
750,5,-4368,0.1,0.59,4240
751,5,-5386,0.1,0.41,4679
752,7,-3868,0.1,0.43,3727
753,7,-3883,0.1,0.39,4575
754,4,-3533,0.1,0.36,3792
755,10,-3521,0.1,0.26,1549
756,4,-2492,0.1,0.15,1558
757,3,-1382,0.1,0.11,1731
758,2,-1077,0.1,0.1,603
759,2,-844,0.1,0.08,1506
760,4,-373,0.1,0.1,14
761,6,-922,0.1,0.15,1024
762,7,-1381,0.1,0.15,1900
763,4,-1393,0.1,0.2,2517
764,8,-1892,0.1,0.22,1450
765,2,-1859,0.1,0.22,3847
766,2,-2025,0.1,0.25,2721
767,8,-2442,0.1,0.38,2407
768,7,-3375,0.1,0.41,2941
769,5,-3699,0.1,0.42,5460
770,10,-3889,0.1,0.46,4196
771,8,-4063,0.1,0.39,4403
772,8,-3559,0.1,0.52,4832
773,8,-4715,0.1,0.59,5888
774,5,-5282,0.1,0.41,7657
775,4,-3785,0.1,0.43,2858
776,3,-3090,0.1,0.39,7792
777,10,-3870,0.1,0.36,4400
778,3,-3169,0.1,0.26,5948
779,6,-2586,0.1,0.15,2657
780,6,-1509,0.1,0.11,1242
781,1,-1025,0.1,0.1,2880
782,9,-1106,0.1,0.08,495
783,4,-421,0.1,0.1,213
784,5,-878,0.1,0.15,1073
785,2,-1279,0.1,0.15,1423
786,7,-1349,0.1,0.2,1147
787,6,-1852,0.1,0.22,2065
788,6,-2080,0.1,0.22,1773
789,2,-2021,0.1,0.25,1555
790,7,-2336,0.1,0.38,3107
791,9,-3397,0.1,0.41,3820
792,6,-3869,0.1,0.42,3908
793,7,-3859,0.1,0.46,3530
794,3,-3338,0.1,0.39,9098
795,3,-3006,0.1,0.52,10604
796,3,-2157,0.1,0.59,22078
797,6,-5172,0.1,0.41,5837
798,10,-3920,0.1,0.43,3975
799,8,-3858,0.1,0.39,3815
800,6,-3572,0.1,0.36,3678
801,9,-3258,0.1,0.26,3470
802,10,-2446,0.1,0.15,3473
803,4,-1380,0.1,0.11,2397
804,6,-1088,0.1,0.1,1167
805,2,-952,0.1,0.08,621
806,4,-454,0.1,0.1,490
807,7,-877,0.1,0.15,874
808,8,-1408,0.1,0.15,1789
809,10,-1416,0.1,0.2,616
810,4,-1727,0.1,0.22,1101
811,10,-2066,0.1,0.22,2750
812,7,-2049,0.1,0.25,1846
813,5,-2485,0.1,0.38,3211
814,2,-1370,0.1,0.41,18983
815,8,-3821,0.1,0.42,4537
816,5,-3635,0.1,0.46,4678
817,10,-4386,0.1,0.39,5055
818,1,-685,0.1,0.52,23058
819,1,-614,0.1,0.59,36432
820,9,-5435,0.1,0.41,7272
821,8,-3839,0.1,0.43,3592
822,9,-4086,0.1,0.39,4642
823,5,-3597,0.1,0.36,3997
824,8,-3278,0.1,0.26,2477
825,3,-2293,0.1,0.15,1557
826,2,-1307,0.1,0.11,1674
827,10,-1171,0.1,0.1,500
828,2,-878,0.1,0.08,937
829,4,-448,0.1,0.1,1055
830,1,-894,0.1,0.15,278
831,6,-1394,0.1,0.15,789
832,7,-1353,0.1,0.2,1352
833,10,-1831,0.1,0.22,2443
834,6,-2018,0.1,0.22,3018
835,4,-2003,0.1,0.25,2381
836,7,-2215,0.1,0.38,3164
837,10,-3665,0.1,0.41,2972
838,1,-634,0.1,0.42,28902
839,7,-3945,0.1,0.46,5130
840,8,-4095,0.1,0.39,4195
841,6,-3680,0.1,0.52,4585
842,2,-1440,0.1,0.59,32595
843,6,-5182,0.1,0.41,5948
844,2,-1464,0.1,0.43,18799
845,8,-4164,0.1,0.39,4550
846,8,-3617,0.1,0.36,3854
847,2,-1550,0.1,0.26,11230
848,5,-2495,0.1,0.15,2343
849,10,-1480,0.1,0.11,830
850,1,-969,0.1,0.1,1813
851,2,-913,0.1,0.08,672
852,4,-413,0.1,0.1,706
853,10,-944,0.1,0.15,876
854,3,-1330,0.1,0.15,2441
855,1,-1067,0.1,0.2,5237
856,8,-1858,0.1,0.22,1617
857,3,-1987,0.1,0.22,2499
858,6,-2043,0.1,0.25,1119
859,9,-2325,0.1,0.38,3562
860,8,-3498,0.1,0.41,3162
861,8,-3761,0.1,0.42,5403
862,9,-3857,0.1,0.46,3815
863,7,-4168,0.1,0.39,5296
864,2,-1410,0.1,0.52,13156
865,4,-3818,0.1,0.59,13030
866,8,-5853,0.1,0.41,5284
867,5,-3820,0.1,0.43,3889
868,9,-3904,0.1,0.39,4030
869,5,-3556,0.1,0.36,2823
870,1,-673,0.1,0.26,26474
871,8,-2589,0.1,0.15,1599
872,6,-1431,0.1,0.11,980
873,8,-1061,0.1,0.1,905
874,5,-831,0.1,0.08,1224
875,4,-383,0.1,0.1,518
876,2,-945,0.1,0.15,1516
877,4,-1443,0.1,0.15,2825
878,7,-1495,0.1,0.2,1417
879,1,-682,0.1,0.22,10538
880,9,-2184,0.1,0.22,1652
881,10,-1956,0.1,0.25,2354
882,10,-2329,0.1,0.38,2115
883,1,-707,0.1,0.41,27851
884,9,-3852,0.1,0.42,4363
885,2,-1568,0.1,0.46,25956
886,9,-4291,0.1,0.39,7061
887,2,-1436,0.1,0.52,24010
888,1,-614,0.1,0.59,38359
889,5,-4959,0.1,0.41,6978
890,10,-3835,0.1,0.43,2618
891,6,-3728,0.1,0.39,4458
892,1,-626,0.1,0.36,27312
893,2,-1358,0.1,0.26,22885
894,2,-1623,0.1,0.15,3355
895,8,-1510,0.1,0.11,1644
896,6,-1038,0.1,0.1,546
897,10,-986,0.1,0.08,1416
898,4,-491,0.1,0.1,1018
899,2,-971,0.1,0.15,2451
900,1,-1080,0.1,0.15,2420
901,7,-1515,0.1,0.2,980
902,4,-1818,0.1,0.22,2731
903,3,-1965,0.1,0.22,2142
904,5,-2078,0.1,0.25,2410
905,9,-2306,0.1,0.38,1767
906,8,-3554,0.1,0.41,2993
907,6,-3616,0.1,0.42,4632
908,7,-4014,0.1,0.46,3554
909,2,-1426,0.1,0.39,27158
910,6,-3728,0.1,0.52,3565
911,1,-654,0.1,0.59,38156
912,2,-1306,0.1,0.41,31697
913,5,-3764,0.1,0.43,3979
914,5,-4089,0.1,0.39,3511
915,6,-3632,0.1,0.36,2404
916,3,-3177,0.1,0.26,5950
917,5,-2441,0.1,0.15,2060
918,1,-820,0.1,0.11,3001
919,1,-1060,0.1,0.1,1393
920,4,-1015,0.1,0.08,160
921,4,-467,0.1,0.1,1093
922,3,-891,0.1,0.15,1503
923,6,-1344,0.1,0.15,1282
924,2,-1330,0.1,0.2,817
925,5,-1797,0.1,0.22,1463
926,9,-2127,0.1,0.22,2439
927,1,-703,0.1,0.25,15703
928,5,-2402,0.1,0.38,3466
929,5,-3372,0.1,0.41,2963
930,4,-3763,0.1,0.42,3596
931,8,-3811,0.1,0.46,2339
932,7,-4238,0.1,0.39,4011
933,1,-645,0.1,0.52,26884
934,5,-4606,0.1,0.59,6204
935,7,-5578,0.1,0.41,7778
936,4,-3711,0.1,0.43,3521
937,10,-3913,0.1,0.39,6868
938,9,-3742,0.1,0.36,3633
939,6,-3169,0.1,0.26,2432
940,9,-2395,0.1,0.15,2535
941,9,-1471,0.1,0.11,462
942,8,-990,0.1,0.1,976
943,3,-964,0.1,0.08,930
944,4,-439,0.1,0.1,219
945,10,-980,0.1,0.15,1003
946,8,-1518,0.1,0.15,768
947,5,-1415,0.1,0.2,1374
948,6,-1686,0.1,0.22,2039
949,9,-1944,0.1,0.22,2348
950,8,-1994,0.1,0.25,2096
951,5,-2301,0.1,0.38,2248
952,6,-3527,0.1,0.41,3055
953,9,-3746,0.1,0.42,5010
954,4,-3753,0.1,0.46,4432
955,2,-1369,0.1,0.39,30792
956,3,-2472,0.1,0.52,5430
957,9,-4848,0.1,0.59,4273
958,8,-5466,0.1,0.41,6117
959,6,-3730,0.1,0.43,5841
960,1,-628,0.1,0.39,24847
961,3,-2693,0.1,0.36,11973
962,5,-3645,0.1,0.26,4486
963,1,-675,0.1,0.15,16908
964,2,-1403,0.1,0.11,2197
965,4,-1091,0.1,0.1,1444
966,3,-953,0.1,0.08,19
967,4,-483,0.1,0.1,258
968,9,-938,0.1,0.15,1234
969,9,-1456,0.1,0.15,2163
970,2,-1246,0.1,0.2,1869
971,7,-1915,0.1,0.22,1675
972,5,-2023,0.1,0.22,1266
973,3,-1900,0.1,0.25,2204
974,3,-2324,0.1,0.38,3886
975,8,-3492,0.1,0.41,3494
976,5,-3834,0.1,0.42,3229
977,9,-3984,0.1,0.46,3937
978,9,-4369,0.1,0.39,7238
979,10,-3667,0.1,0.52,4454
980,2,-1326,0.1,0.59,31229
981,8,-5291,0.1,0.41,5595
982,6,-3816,0.1,0.43,4712
983,6,-4150,0.1,0.39,2842
984,1,-659,0.1,0.36,29804
985,2,-1544,0.1,0.26,13609
986,7,-2624,0.1,0.15,1408
987,10,-1507,0.1,0.11,2034
988,6,-1089,0.1,0.1,439
989,9,-819,0.1,0.08,1352
990,4,-396,0.1,0.1,394
991,5,-996,0.1,0.15,894
992,1,-888,0.1,0.15,5911
993,4,-1512,0.1,0.2,1448
994,1,-751,0.1,0.22,11071
995,10,-2069,0.1,0.22,1545
996,10,-2004,0.1,0.25,1349
997,1,-651,0.1,0.38,18206
998,7,-3378,0.1,0.41,3493
999,1,-655,0.1,0.42,29437
1000,3,-2986,0.1,0.46,14337
1001,7,-4297,0.1,0.39,5862
1002,6,-3608,0.1,0.52,3765
1003,3,-2586,0.1,0.59,19188
1004,10,-5505,0.1,0.41,5974
1005,2,-1594,0.1,0.43,19704
1006,3,-2294,0.1,0.39,15881
1007,9,-3735,0.1,0.36,3297
1008,9,-3471,0.1,0.26,2938
1009,9,-2470,0.1,0.15,3164
1010,3,-1389,0.1,0.11,1176
1011,9,-1073,0.1,0.1,433
1012,9,-889,0.1,0.08,364
1013,4,-416,0.1,0.1,3
1014,5,-937,0.1,0.15,1034
1015,9,-1278,0.1,0.15,2733
1016,8,-1394,0.1,0.2,1686
1017,10,-1915,0.1,0.22,788
1018,10,-1988,0.1,0.22,3483
1019,7,-2011,0.1,0.25,1353
1020,8,-2394,0.1,0.38,2202
1021,4,-3316,0.1,0.41,3890
1022,7,-3937,0.1,0.42,3298
1023,5,-3905,0.1,0.46,3350
1024,2,-1477,0.1,0.39,28247
1025,7,-3842,0.1,0.52,3137
1026,2,-1378,0.1,0.59,34578
1027,7,-5360,0.1,0.41,5991
1028,6,-3806,0.1,0.43,5230
1029,9,-3904,0.1,0.39,4039
1030,6,-3682,0.1,0.36,4675
1031,8,-3386,0.1,0.26,2924
1032,5,-2395,0.1,0.15,1549
1033,3,-1371,0.1,0.11,1507
1034,3,-1027,0.1,0.1,1116
1035,3,-934,0.1,0.08,1481
1036,4,-463,0.1,0.1,443
1037,1,-954,0.1,0.15,1344
1038,5,-1448,0.1,0.15,2074
1039,10,-1356,0.1,0.2,1381
1040,7,-1834,0.1,0.22,2809
1041,9,-2087,0.1,0.22,1699
1042,9,-2078,0.1,0.25,2114
1043,3,-2335,0.1,0.38,2678
1044,9,-3578,0.1,0.41,2273
1045,1,-688,0.1,0.42,26925
1046,8,-3885,0.1,0.46,4334
1047,9,-4208,0.1,0.39,4606
1048,6,-3663,0.1,0.52,4777
1049,7,-4838,0.1,0.59,3458
1050,2,-1522,0.1,0.41,41539
1051,7,-3959,0.1,0.43,3740
1052,8,-3995,0.1,0.39,3550
1053,3,-3134,0.1,0.36,9337
1054,9,-3514,0.1,0.26,3115
1055,9,-2369,0.1,0.15,1629
1056,8,-1393,0.1,0.11,1673
1057,3,-1004,0.1,0.1,546
1058,3,-884,0.1,0.08,940
1059,4,-417,0.1,0.1,1259
1060,3,-930,0.1,0.15,1212
1061,7,-1395,0.1,0.15,1248
1062,4,-1396,0.1,0.2,1859
1063,9,-1869,0.1,0.22,1254
1064,10,-1877,0.1,0.22,1350
1065,1,-774,0.1,0.25,16153
1066,9,-2404,0.1,0.38,1854
1067,10,-3539,0.1,0.41,3608
1068,6,-3898,0.1,0.42,2453
1069,7,-3873,0.1,0.46,3883
1070,10,-4259,0.1,0.39,4216
1071,1,-669,0.1,0.52,28724
1072,1,-624,0.1,0.59,38835
1073,10,-5566,0.1,0.41,3939
1074,8,-3726,0.1,0.43,3571
1075,4,-3957,0.1,0.39,5592
1076,10,-3765,0.1,0.36,3863
1077,8,-3402,0.1,0.26,3241
1078,2,-2033,0.1,0.15,5291
1079,4,-1487,0.1,0.11,959
1080,2,-946,0.1,0.1,1819
1081,2,-1027,0.1,0.08,626
1082,4,-402,0.1,0.1,630
1083,8,-876,0.1,0.15,1645
1084,7,-1376,0.1,0.15,1847
1085,6,-1447,0.1,0.2,1418
1086,8,-1853,0.1,0.22,1992
1087,2,-1913,0.1,0.22,1776
1088,5,-1905,0.1,0.25,2493
1089,3,-2305,0.1,0.38,3807
1090,10,-3523,0.1,0.41,4571
1091,4,-3622,0.1,0.42,3397
1092,5,-3938,0.1,0.46,2945
1093,3,-3036,0.1,0.39,12277
1094,8,-3707,0.1,0.52,3213
1095,9,-4705,0.1,0.59,6304
1096,2,-1312,0.1,0.41,37584
1097,2,-1208,0.1,0.43,26521
1098,9,-4240,0.1,0.39,6375
1099,4,-3657,0.1,0.36,5186
1100,10,-3487,0.1,0.26,2983
1101,4,-2397,0.1,0.15,3055
1102,4,-1430,0.1,0.11,1773
1103,4,-1042,0.1,0.1,1026
1104,6,-989,0.1,0.08,757
1105,4,-498,0.1,0.1,1172
1106,4,-847,0.1,0.15,1207
1107,10,-1342,0.1,0.15,1514
1108,9,-1435,0.1,0.2,1671
1109,10,-1754,0.1,0.22,2716
1110,1,-671,0.1,0.22,15441
1111,6,-2139,0.1,0.25,2477
1112,9,-2285,0.1,0.38,1258
1113,5,-3258,0.1,0.41,2352
1114,6,-3770,0.1,0.42,5140
1115,4,-3739,0.1,0.46,6127
1116,8,-4464,0.1,0.39,4478
1117,2,-1489,0.1,0.52,21037
1118,1,-604,0.1,0.59,33409
1119,8,-5402,0.1,0.41,7019
1120,3,-3324,0.1,0.43,5239
1121,9,-4093,0.1,0.39,4425
1122,9,-3555,0.1,0.36,4302
1123,8,-3395,0.1,0.26,3429
1124,6,-2482,0.1,0.15,2366
1125,9,-1505,0.1,0.11,2214
1126,1,-890,0.1,0.1,751
1127,8,-999,0.1,0.08,1190
1128,4,-465,0.1,0.1,625
1129,2,-921,0.1,0.15,664
1130,7,-1451,0.1,0.15,1295
1131,8,-1428,0.1,0.2,1293
1132,6,-1851,0.1,0.22,1481
1133,6,-1982,0.1,0.22,2666
1134,3,-1998,0.1,0.25,1318
1135,8,-2146,0.1,0.38,1775
1136,9,-3475,0.1,0.41,4301
1137,8,-3639,0.1,0.42,3732
1138,1,-703,0.1,0.46,27230
1139,7,-4224,0.1,0.39,5362
1140,1,-620,0.1,0.52,26920
1141,2,-1340,0.1,0.59,36561
1142,8,-5376,0.1,0.41,6101
1143,8,-3947,0.1,0.43,3870
1144,7,-3899,0.1,0.39,3896
1145,9,-3758,0.1,0.36,3854
1146,9,-3182,0.1,0.26,3756
1147,6,-2444,0.1,0.15,2934
1148,5,-1405,0.1,0.11,1064
1149,5,-968,0.1,0.1,1044
1150,7,-991,0.1,0.08,1280
1151,4,-455,0.1,0.1,367
1152,4,-909,0.1,0.15,550
1153,10,-1291,0.1,0.15,1826
1154,6,-1433,0.1,0.2,767
1155,5,-1802,0.1,0.22,2343
1156,4,-2040,0.1,0.22,3059
1157,8,-1996,0.1,0.25,3404
1158,10,-2376,0.1,0.38,1648
1159,5,-3359,0.1,0.41,3140
1160,8,-3779,0.1,0.42,3169
1161,9,-3753,0.1,0.46,4874
1162,7,-4292,0.1,0.39,5867
1163,6,-3696,0.1,0.52,4745
1164,9,-4818,0.1,0.59,5146
1165,10,-5301,0.1,0.41,4392
1166,4,-3533,0.1,0.43,7097
1167,5,-4054,0.1,0.39,4162
1168,1,-664,0.1,0.36,21334
1169,5,-3329,0.1,0.26,3128
1170,10,-2530,0.1,0.15,3472
1171,6,-1328,0.1,0.11,1046
1172,6,-977,0.1,0.1,1093
1173,4,-831,0.1,0.08,1302
1174,4,-426,0.1,0.1,821
1175,7,-906,0.1,0.15,977
1176,9,-1322,0.1,0.15,676
1177,7,-1352,0.1,0.2,1218
1178,7,-1904,0.1,0.22,2413
1179,1,-733,0.1,0.22,14572
1180,6,-2127,0.1,0.25,2596
1181,8,-2219,0.1,0.38,2936
1182,8,-3487,0.1,0.41,5512
1183,6,-3744,0.1,0.42,4480
1184,1,-592,0.1,0.46,26838
1185,7,-4175,0.1,0.39,5382
1186,1,-694,0.1,0.52,28536
1187,2,-1277,0.1,0.59,40682
1188,10,-5587,0.1,0.41,5723
1189,7,-3841,0.1,0.43,4778
1190,5,-3798,0.1,0.39,3174
1191,3,-3378,0.1,0.36,6398
1192,7,-3351,0.1,0.26,4024
1193,8,-2356,0.1,0.15,3149
1194,1,-1212,0.1,0.11,3539
1195,5,-1066,0.1,0.1,1086
1196,2,-864,0.1,0.08,664
1197,4,-479,0.1,0.1,865
1198,2,-878,0.1,0.15,598
1199,1,-1153,0.1,0.15,1384
1200,9,-1372,0.1,0.2,1510
1201,8,-1810,0.1,0.22,2983
1202,8,-2153,0.1,0.22,1908
1203,6,-2005,0.1,0.25,2240
1204,7,-2358,0.1,0.38,1449
1205,3,-3051,0.1,0.41,8030
1206,4,-3836,0.1,0.42,4764
1207,5,-3861,0.1,0.46,3932
1208,4,-4032,0.1,0.39,7229
1209,1,-645,0.1,0.52,26523
1210,9,-4842,0.1,0.59,6138
1211,8,-5309,0.1,0.41,5958
1212,10,-3926,0.1,0.43,2882
1213,2,-1401,0.1,0.39,31744
1214,3,-2327,0.1,0.36,9808
1215,2,-1482,0.1,0.26,22456
1216,1,-589,0.1,0.15,18872
1217,7,-1664,0.1,0.11,1378
1218,3,-982,0.1,0.1,716
1219,10,-1019,0.1,0.08,869
1220,4,-408,0.1,0.1,245
1221,6,-902,0.1,0.15,1411
1222,4,-1466,0.1,0.15,761
1223,4,-1265,0.1,0.2,866
1224,6,-1760,0.1,0.22,1630
1225,3,-2012,0.1,0.22,2067
1226,9,-2060,0.1,0.25,1819
1227,8,-2218,0.1,0.38,2879
1228,1,-649,0.1,0.41,22944
1229,4,-3599,0.1,0.42,5729
1230,7,-4003,0.1,0.46,4274
1231,6,-4101,0.1,0.39,5080
1232,8,-3583,0.1,0.52,3257
1233,5,-4473,0.1,0.59,4192
1234,2,-1273,0.1,0.41,42137
1235,10,-4083,0.1,0.43,4497
1236,2,-1532,0.1,0.39,27590
1237,6,-3677,0.1,0.36,3360
1238,7,-3275,0.1,0.26,4712
1239,4,-2424,0.1,0.15,2833
1240,6,-1450,0.1,0.11,1217
1241,5,-1050,0.1,0.1,774
1242,6,-867,0.1,0.08,750
1243,4,-430,0.1,0.1,229
1244,4,-919,0.1,0.15,789
1245,1,-642,0.1,0.15,6791
1246,9,-1483,0.1,0.2,2100
1247,10,-1829,0.1,0.22,906
1248,2,-2016,0.1,0.22,2535
1249,4,-1946,0.1,0.25,3354
1250,8,-2351,0.1,0.38,1348
1251,6,-3600,0.1,0.41,2954
1252,3,-3396,0.1,0.42,9097
1253,9,-4167,0.1,0.46,3780
1254,2,-1256,0.1,0.39,31338
1255,1,-599,0.1,0.52,28976
1256,8,-4785,0.1,0.59,3977
1257,5,-5257,0.1,0.41,9322
1258,5,-4109,0.1,0.43,3788
1259,6,-4094,0.1,0.39,4355
1260,3,-3312,0.1,0.36,7692
1261,1,-662,0.1,0.26,20909
1262,1,-604,0.1,0.15,19345
1263,6,-1735,0.1,0.11,2069
1264,1,-971,0.1,0.1,804
1265,4,-997,0.1,0.08,935
1266,4,-434,0.1,0.1,0
1267,8,-915,0.1,0.15,478
1268,7,-1329,0.1,0.15,2381
1269,9,-1507,0.1,0.2,2006
1270,1,-707,0.1,0.22,11192
1271,2,-1643,0.1,0.22,2988
1272,8,-2101,0.1,0.25,1884
1273,2,-2166,0.1,0.38,3936
1274,5,-3512,0.1,0.41,3721
1275,7,-3682,0.1,0.42,4553
1276,7,-4003,0.1,0.46,4379
1277,5,-4270,0.1,0.39,4002
1278,2,-1468,0.1,0.52,18661
1279,4,-3620,0.1,0.59,10579
1280,4,-3722,0.1,0.41,18318
1281,10,-4048,0.1,0.43,5468
1282,9,-4008,0.1,0.39,3216
1283,7,-3768,0.1,0.36,6078
1284,1,-699,0.1,0.26,21857
1285,10,-2586,0.1,0.15,2650
1286,5,-1533,0.1,0.11,1098
1287,3,-988,0.1,0.1,546
1288,7,-959,0.1,0.08,953
1289,4,-447,0.1,0.1,1005
1290,3,-928,0.1,0.15,406
1291,8,-1411,0.1,0.15,2246
1292,9,-1420,0.1,0.2,1661
1293,7,-1923,0.1,0.22,1677
1294,7,-2043,0.1,0.22,1749
1295,4,-2059,0.1,0.25,2199
1296,5,-2216,0.1,0.38,2461
1297,10,-3420,0.1,0.41,2884
1298,7,-3651,0.1,0.42,3572
1299,8,-3834,0.1,0.46,3498
1300,5,-4314,0.1,0.39,5581
1301,3,-3477,0.1,0.52,3694
1302,7,-4880,0.1,0.59,6329
1303,3,-2160,0.1,0.41,34350
1304,9,-4065,0.1,0.43,5971
1305,1,-643,0.1,0.39,26508
1306,6,-3618,0.1,0.36,4675
1307,3,-3242,0.1,0.26,4617
1308,3,-2384,0.1,0.15,1867
1309,8,-1325,0.1,0.11,1410
1310,5,-1001,0.1,0.1,826
1311,5,-1054,0.1,0.08,1303
1312,4,-473,0.1,0.1,954
1313,6,-964,0.1,0.15,1540
1314,10,-1352,0.1,0.15,2243
1315,9,-1423,0.1,0.2,876
1316,8,-1811,0.1,0.22,2563
1317,8,-2047,0.1,0.22,2051
1318,7,-1834,0.1,0.25,2661
1319,2,-2297,0.1,0.38,2588
1320,3,-3295,0.1,0.41,6021
1321,4,-3827,0.1,0.42,6682
1322,1,-670,0.1,0.46,24469
1323,9,-4444,0.1,0.39,3395
1324,6,-3500,0.1,0.52,3268
1325,4,-4427,0.1,0.59,7493
1326,1,-653,0.1,0.41,34584
1327,1,-599,0.1,0.43,22581
1328,2,-1281,0.1,0.39,28700
1329,10,-4040,0.1,0.36,4164
1330,1,-652,0.1,0.26,28669
1331,2,-1868,0.1,0.15,5725
1332,6,-1536,0.1,0.11,1408
1333,7,-984,0.1,0.1,613
1334,4,-948,0.1,0.08,606
1335,4,-433,0.1,0.1,326
1336,2,-891,0.1,0.15,1289
1337,8,-1365,0.1,0.15,982
1338,4,-1291,0.1,0.2,957
1339,5,-1737,0.1,0.22,1745
1340,2,-2015,0.1,0.22,1683
1341,6,-2070,0.1,0.25,753
1342,8,-2280,0.1,0.38,3608
1343,3,-3327,0.1,0.41,3786
1344,9,-3792,0.1,0.42,4714
1345,2,-1453,0.1,0.46,26307
1346,1,-569,0.1,0.39,31138
1347,9,-3729,0.1,0.52,3684
1348,1,-681,0.1,0.59,36703
1349,6,-5224,0.1,0.41,7020
1350,9,-4132,0.1,0.43,4188
1351,3,-3504,0.1,0.39,6476
1352,1,-655,0.1,0.36,23170
1353,9,-3585,0.1,0.26,2734
1354,2,-2115,0.1,0.15,5111
1355,5,-1599,0.1,0.11,365
1356,2,-854,0.1,0.1,1391
1357,4,-915,0.1,0.08,800
1358,4,-396,0.1,0.1,0
1359,4,-824,0.1,0.15,1247
1360,9,-1313,0.1,0.15,2078
1361,3,-1380,0.1,0.2,1154
1362,7,-1873,0.1,0.22,1939
1363,8,-1894,0.1,0.22,2264
1364,6,-2092,0.1,0.25,1363
1365,5,-2261,0.1,0.38,1672
1366,7,-3499,0.1,0.41,2877
1367,6,-3692,0.1,0.42,4451
1368,10,-3972,0.1,0.46,2088
1369,4,-3994,0.1,0.39,7288
1370,4,-3671,0.1,0.52,3797
1371,3,-2981,0.1,0.59,14404
1372,9,-5446,0.1,0.41,4763
1373,8,-3680,0.1,0.43,3406
1374,3,-2899,0.1,0.39,11347
1375,3,-3151,0.1,0.36,5226
1376,7,-3547,0.1,0.26,3871
1377,9,-2428,0.1,0.15,1448
1378,6,-1438,0.1,0.11,1428
1379,6,-938,0.1,0.1,671
1380,8,-1028,0.1,0.08,1148
1381,4,-413,0.1,0.1,193
1382,7,-902,0.1,0.15,360
1383,8,-1347,0.1,0.15,1807
1384,5,-1305,0.1,0.2,1201
1385,5,-1734,0.1,0.22,2238
1386,8,-2072,0.1,0.22,1937
1387,7,-2000,0.1,0.25,3015
1388,2,-2128,0.1,0.38,5598
1389,3,-3194,0.1,0.41,6013
1390,10,-3877,0.1,0.42,3502
1391,6,-3859,0.1,0.46,4795
1392,4,-4204,0.1,0.39,4351
1393,7,-3727,0.1,0.52,4581
1394,2,-1322,0.1,0.59,38833
1395,9,-5464,0.1,0.41,5596
1396,5,-3673,0.1,0.43,6221
1397,1,-686,0.1,0.39,27809
1398,9,-3843,0.1,0.36,3950
1399,6,-3433,0.1,0.26,3189
1400,6,-2423,0.1,0.15,1599
1401,8,-1456,0.1,0.11,1133
1402,8,-953,0.1,0.1,1560
1403,7,-889,0.1,0.08,881
1404,4,-402,0.1,0.1,95
1405,6,-949,0.1,0.15,223
1406,10,-1303,0.1,0.15,1603
1407,10,-1337,0.1,0.2,697
1408,10,-1696,0.1,0.22,2516
1409,7,-2074,0.1,0.22,2166
1410,10,-2043,0.1,0.25,1438
1411,2,-2066,0.1,0.38,7523
1412,5,-3476,0.1,0.41,3492
1413,8,-4098,0.1,0.42,4402
1414,2,-1379,0.1,0.46,31368
1415,9,-4372,0.1,0.39,4151
1416,9,-3702,0.1,0.52,4026
1417,5,-4662,0.1,0.59,5133
1418,5,-5242,0.1,0.41,6178
1419,10,-3916,0.1,0.43,2852
1420,2,-1343,0.1,0.39,32717
1421,1,-599,0.1,0.36,26968
1422,7,-3409,0.1,0.26,3794
1423,8,-2476,0.1,0.15,2845
1424,2,-1274,0.1,0.11,1554
1425,9,-1085,0.1,0.1,1123
1426,10,-881,0.1,0.08,1353
1427,4,-392,0.1,0.1,652
1428,10,-851,0.1,0.15,734
1429,6,-1401,0.1,0.15,1781
1430,9,-1324,0.1,0.2,1736
1431,3,-1774,0.1,0.22,2029
1432,3,-2043,0.1,0.22,1844
1433,10,-2206,0.1,0.25,1304
1434,3,-2246,0.1,0.38,1482
1435,8,-3430,0.1,0.41,3664
1436,6,-3702,0.1,0.42,4402
1437,4,-3792,0.1,0.46,3526
1438,4,-4059,0.1,0.39,6458
1439,1,-686,0.1,0.52,28122
1440,8,-4857,0.1,0.59,4488
1441,7,-5451,0.1,0.41,7040
1442,8,-3940,0.1,0.43,3020
1443,1,-688,0.1,0.39,28048
1444,8,-3712,0.1,0.36,3304
1445,7,-3348,0.1,0.26,2575
1446,10,-2453,0.1,0.15,2900
1447,10,-1378,0.1,0.11,849
1448,4,-988,0.1,0.1,1434
1449,8,-1088,0.1,0.08,699
1450,4,-433,0.1,0.1,354
1451,3,-905,0.1,0.15,192
1452,9,-1275,0.1,0.15,1723
1453,9,-1425,0.1,0.2,1405
1454,7,-1778,0.1,0.22,1295
1455,8,-2078,0.1,0.22,988
1456,3,-2161,0.1,0.25,1826
1457,6,-2207,0.1,0.38,3101
1458,3,-3092,0.1,0.41,11482
1459,6,-3925,0.1,0.42,2855
1460,3,-3217,0.1,0.46,13751
1461,10,-4417,0.1,0.39,3670
1462,3,-3150,0.1,0.52,8399
1463,4,-4452,0.1,0.59,6808
1464,3,-2325,0.1,0.41,28723
1465,8,-4108,0.1,0.43,6274
1466,4,-3770,0.1,0.39,6822
1467,5,-3599,0.1,0.36,3947
1468,7,-3395,0.1,0.26,4143
1469,1,-783,0.1,0.15,17373
1470,1,-594,0.1,0.11,4748
1471,3,-1178,0.1,0.1,1152
1472,3,-934,0.1,0.08,1021
1473,4,-410,0.1,0.1,432
1474,5,-914,0.1,0.15,1673
1475,2,-1376,0.1,0.15,2042
1476,10,-1482,0.1,0.2,1841
1477,3,-1824,0.1,0.22,1862
1478,3,-2033,0.1,0.22,1815
1479,8,-1933,0.1,0.25,2293
1480,9,-2282,0.1,0.38,3579
1481,8,-3536,0.1,0.41,3651
1482,8,-3761,0.1,0.42,2915
1483,8,-3897,0.1,0.46,5002
1484,8,-4265,0.1,0.39,5304
1485,2,-1560,0.1,0.52,16590
1486,3,-2292,0.1,0.59,24436
1487,3,-1840,0.1,0.41,35609
1488,2,-1198,0.1,0.43,23477
1489,6,-4014,0.1,0.39,4349
1490,4,-3569,0.1,0.36,3983
1491,6,-3354,0.1,0.26,4325
1492,2,-2151,0.1,0.15,2825
1493,10,-1545,0.1,0.11,2885
1494,4,-1003,0.1,0.1,1151
1495,5,-936,0.1,0.08,831
1496,4,-450,0.1,0.1,535
1497,1,-869,0.1,0.15,620
1498,6,-1382,0.1,0.15,1535
1499,1,-928,0.1,0.2,4609
1500,6,-1899,0.1,0.22,2697
1501,6,-2000,0.1,0.22,1714
1502,8,-2060,0.1,0.25,3861
1503,4,-2378,0.1,0.38,1137
1504,1,-648,0.1,0.41,26172
1505,2,-1305,0.1,0.42,30267
1506,9,-4036,0.1,0.46,4417
1507,9,-4287,0.1,0.39,2431
1508,8,-3624,0.1,0.52,2961
1509,2,-1407,0.1,0.59,35756
1510,1,-609,0.1,0.41,38177
1511,10,-3875,0.1,0.43,4150
1512,3,-2911,0.1,0.39,11434
1513,8,-3757,0.1,0.36,3906
1514,8,-3416,0.1,0.26,2189
1515,6,-2397,0.1,0.15,2117
1516,6,-1404,0.1,0.11,1275
1517,2,-980,0.1,0.1,1943
1518,1,-888,0.1,0.08,331
1519,4,-433,0.1,0.1,1929
1520,2,-856,0.1,0.15,903
1521,8,-1467,0.1,0.15,1519
1522,9,-1459,0.1,0.2,1445
1523,3,-1824,0.1,0.22,1795
1524,4,-2115,0.1,0.22,2304
1525,9,-2073,0.1,0.25,1335
1526,4,-2248,0.1,0.38,3298
1527,5,-3510,0.1,0.41,6349
1528,5,-3827,0.1,0.42,4676
1529,8,-3921,0.1,0.46,2135
1530,8,-4065,0.1,0.39,5341
1531,5,-3431,0.1,0.52,3635
1532,3,-2821,0.1,0.59,17585
1533,9,-5639,0.1,0.41,4500
1534,7,-3896,0.1,0.43,4971
1535,9,-3957,0.1,0.39,5293
1536,9,-3620,0.1,0.36,5390
1537,7,-3294,0.1,0.26,2695
1538,3,-2369,0.1,0.15,3156
1539,6,-1467,0.1,0.11,1510
1540,10,-1122,0.1,0.1,1671
1541,1,-881,0.1,0.08,2516
1542,4,-469,0.1,0.1,463
1543,10,-891,0.1,0.15,1480
1544,8,-1316,0.1,0.15,1159
1545,4,-1363,0.1,0.2,1080
1546,5,-1887,0.1,0.22,2384
1547,9,-1981,0.1,0.22,2091
1548,1,-704,0.1,0.25,14171
1549,7,-2296,0.1,0.38,2705
1550,2,-1796,0.1,0.41,16345
1551,3,-2474,0.1,0.42,7274
1552,10,-3889,0.1,0.46,3143
1553,1,-652,0.1,0.39,25483
1554,2,-1322,0.1,0.52,21029
1555,9,-4912,0.1,0.59,4527
1556,8,-5364,0.1,0.41,6522
1557,4,-3878,0.1,0.43,2201
1558,3,-3315,0.1,0.39,9890
1559,2,-1441,0.1,0.36,16456
1560,3,-2813,0.1,0.26,7754
1561,1,-684,0.1,0.15,17882
1562,1,-594,0.1,0.11,5078
1563,8,-1427,0.1,0.1,1939
1564,5,-911,0.1,0.08,1072
1565,4,-417,0.1,0.1,448
1566,1,-893,0.1,0.15,550
1567,5,-1279,0.1,0.15,1452
1568,6,-1371,0.1,0.2,2217
1569,3,-1827,0.1,0.22,1912
1570,3,-2087,0.1,0.22,1807
1571,5,-2122,0.1,0.25,1860
1572,6,-2227,0.1,0.38,2774
1573,7,-3465,0.1,0.41,4121
1574,4,-3696,0.1,0.42,5774
1575,10,-4149,0.1,0.46,4290
1576,2,-1329,0.1,0.39,29053
1577,2,-1223,0.1,0.52,24280
1578,4,-4010,0.1,0.59,7365
1579,8,-5520,0.1,0.41,7498
1580,10,-4039,0.1,0.43,3648
1581,4,-3902,0.1,0.39,6709
1582,7,-3751,0.1,0.36,2642
1583,9,-3266,0.1,0.26,4312
1584,3,-2438,0.1,0.15,2009
1585,6,-1451,0.1,0.11,1655
1586,6,-1013,0.1,0.1,1056
1587,10,-984,0.1,0.08,1667
1588,4,-383,0.1,0.1,951
1589,4,-874,0.1,0.15,706
1590,1,-1063,0.1,0.15,2130
1591,5,-1474,0.1,0.2,1685
1592,6,-1818,0.1,0.22,2188
1593,5,-2090,0.1,0.22,2212
1594,5,-1938,0.1,0.25,2503
1595,2,-2198,0.1,0.38,4323
1596,10,-3512,0.1,0.41,4401
1597,9,-3785,0.1,0.42,4429
1598,10,-3750,0.1,0.46,5414
1599,3,-2712,0.1,0.39,12490
1600,4,-3827,0.1,0.52,4591
1601,4,-4459,0.1,0.59,13716
1602,4,-3771,0.1,0.41,13958
1603,7,-3957,0.1,0.43,5864
1604,2,-1401,0.1,0.39,26727
1605,1,-599,0.1,0.36,25708
1606,6,-3402,0.1,0.26,3477
1607,2,-2147,0.1,0.15,5653
1608,9,-1716,0.1,0.11,1291
1609,10,-847,0.1,0.1,934
1610,8,-973,0.1,0.08,1577
1611,4,-408,0.1,0.1,106
1612,2,-920,0.1,0.15,942
1613,9,-1333,0.1,0.15,2259
1614,9,-1409,0.1,0.2,1540
1615,1,-682,0.1,0.22,15035
1616,10,-2109,0.1,0.22,1412
1617,7,-1941,0.1,0.25,1656
1618,1,-711,0.1,0.38,18496
1619,1,-594,0.1,0.41,23390
1620,10,-3841,0.1,0.42,2795
1621,3,-2774,0.1,0.46,11982
1622,6,-4351,0.1,0.39,3965
1623,8,-3655,0.1,0.52,3865
1624,6,-4724,0.1,0.59,3174
1625,10,-5517,0.1,0.41,5204
1626,4,-3622,0.1,0.43,3166
1627,3,-3096,0.1,0.39,9445
1628,4,-3760,0.1,0.36,2961
1629,9,-3280,0.1,0.26,3605
1630,6,-2390,0.1,0.15,2007
1631,9,-1492,0.1,0.11,1579
1632,7,-1018,0.1,0.1,1951
1633,7,-1018,0.1,0.08,634
1634,4,-421,0.1,0.1,500
1635,9,-960,0.1,0.15,812
1636,5,-1262,0.1,0.15,803
1637,8,-1317,0.1,0.2,1429
1638,8,-1789,0.1,0.22,2024
1639,10,-2072,0.1,0.22,2191
1640,8,-2021,0.1,0.25,2484
1641,2,-2200,0.1,0.38,6100
1642,2,-1447,0.1,0.41,23981
1643,1,-599,0.1,0.42,28444
1644,1,-589,0.1,0.46,25789
1645,5,-4241,0.1,0.39,4381
1646,3,-3324,0.1,0.52,5893
1647,2,-1352,0.1,0.59,39822
1648,8,-5494,0.1,0.41,5569
1649,1,-639,0.1,0.43,23501
1650,9,-4201,0.1,0.39,4136
1651,10,-3603,0.1,0.36,2826
1652,2,-1676,0.1,0.26,13145
1653,9,-2483,0.1,0.15,3070
1654,10,-1384,0.1,0.11,1103
1655,4,-1028,0.1,0.1,808
1656,10,-897,0.1,0.08,933
1657,4,-456,0.1,0.1,1053
1658,7,-890,0.1,0.15,739
1659,2,-1315,0.1,0.15,1523
1660,8,-1312,0.1,0.2,1678
1661,6,-1751,0.1,0.22,2821
1662,8,-2049,0.1,0.22,2780
1663,6,-2073,0.1,0.25,2044
1664,8,-2359,0.1,0.38,1688
1665,5,-3422,0.1,0.41,3523
1666,9,-3850,0.1,0.42,2213
1667,6,-3726,0.1,0.46,5858
1668,6,-4281,0.1,0.39,6648
1669,7,-3610,0.1,0.52,3872
1670,4,-4440,0.1,0.59,6386
1671,8,-5643,0.1,0.41,5911
1672,9,-3884,0.1,0.43,3799
1673,8,-4010,0.1,0.39,4245
1674,4,-3529,0.1,0.36,4718
1675,8,-3513,0.1,0.26,3484
1676,1,-677,0.1,0.15,18266
1677,10,-1705,0.1,0.11,1692
1678,5,-967,0.1,0.1,1137
1679,3,-929,0.1,0.08,1481
1680,4,-461,0.1,0.1,1007
1681,3,-907,0.1,0.15,392
1682,7,-1357,0.1,0.15,2128
1683,7,-1321,0.1,0.2,1450
1684,8,-1913,0.1,0.22,1607
1685,10,-1917,0.1,0.22,2033
1686,5,-1854,0.1,0.25,1983
1687,1,-726,0.1,0.38,17258
1688,7,-3545,0.1,0.41,2203
1689,3,-3413,0.1,0.42,6421
1690,3,-3405,0.1,0.46,6578
1691,9,-4300,0.1,0.39,5262
1692,4,-3473,0.1,0.52,4535
1693,4,-4339,0.1,0.59,13713
1694,3,-2022,0.1,0.41,32011
1695,7,-4153,0.1,0.43,3342
1696,4,-3915,0.1,0.39,3449
1697,1,-636,0.1,0.36,31049
1698,3,-2910,0.1,0.26,3721
1699,2,-2179,0.1,0.15,4146
1700,2,-1538,0.1,0.11,1127
1701,2,-1068,0.1,0.1,827
1702,9,-1022,0.1,0.08,1135
1703,4,-453,0.1,0.1,634
1704,3,-805,0.1,0.15,1526
1705,8,-1407,0.1,0.15,1346
1706,9,-1273,0.1,0.2,1587
1707,5,-1762,0.1,0.22,1758
1708,2,-2043,0.1,0.22,3541
1709,8,-2165,0.1,0.25,1243
1710,5,-2354,0.1,0.38,2356
1711,5,-3408,0.1,0.41,4255
1712,7,-3824,0.1,0.42,4437
1713,8,-3826,0.1,0.46,3720
1714,2,-1277,0.1,0.39,30527
1715,4,-3303,0.1,0.52,5840
1716,10,-5022,0.1,0.59,4070
1717,8,-5384,0.1,0.41,5066
1718,8,-3852,0.1,0.43,5293
1719,10,-4007,0.1,0.39,3941
1720,2,-1551,0.1,0.36,15385
1721,4,-3337,0.1,0.26,4367
1722,7,-2431,0.1,0.15,3770
1723,10,-1296,0.1,0.11,1284
1724,4,-956,0.1,0.1,865
1725,8,-905,0.1,0.08,498
1726,4,-471,0.1,0.1,1256
1727,2,-956,0.1,0.15,576
1728,4,-1374,0.1,0.15,951
1729,10,-1353,0.1,0.2,2091
1730,10,-1716,0.1,0.22,2646
1731,5,-2044,0.1,0.22,1133
1732,2,-1952,0.1,0.25,3831
1733,9,-2293,0.1,0.38,1045
1734,2,-1585,0.1,0.41,20262
1735,3,-2627,0.1,0.42,9441
1736,5,-4042,0.1,0.46,3470
1737,3,-2892,0.1,0.39,13738
1738,8,-3839,0.1,0.52,4131
1739,3,-2282,0.1,0.59,28184
1740,7,-5439,0.1,0.41,4064
1741,4,-3762,0.1,0.43,4382
1742,1,-672,0.1,0.39,25747
1743,1,-579,0.1,0.36,27026
1744,9,-3551,0.1,0.26,3844
1745,3,-2387,0.1,0.15,3222
1746,8,-1493,0.1,0.11,1127
1747,2,-1014,0.1,0.1,1044
1748,3,-937,0.1,0.08,183
1749,4,-390,0.1,0.1,656
1750,3,-1013,0.1,0.15,634
1751,8,-1462,0.1,0.15,1107
1752,7,-1305,0.1,0.2,2292
1753,6,-1821,0.1,0.22,1938
1754,10,-2019,0.1,0.22,2009
1755,8,-1972,0.1,0.25,2198
1756,3,-2297,0.1,0.38,1681
1757,8,-3472,0.1,0.41,3024
1758,3,-3307,0.1,0.42,7851
1759,9,-4089,0.1,0.46,3006
1760,7,-4077,0.1,0.39,5258
1761,4,-3454,0.1,0.52,2924
1762,7,-4852,0.1,0.59,5591
1763,5,-5313,0.1,0.41,5223
1764,6,-3933,0.1,0.43,3871
1765,8,-3986,0.1,0.39,3849
1766,7,-3541,0.1,0.36,3715
1767,8,-3183,0.1,0.26,2774
1768,7,-2362,0.1,0.15,1670
1769,2,-1427,0.1,0.11,780
1770,3,-1180,0.1,0.1,1366
1771,3,-972,0.1,0.08,817
1772,4,-461,0.1,0.1,684
1773,9,-947,0.1,0.15,1281
1774,10,-1318,0.1,0.15,936
1775,10,-1309,0.1,0.2,1347
1776,10,-1874,0.1,0.22,1709
1777,5,-2026,0.1,0.22,2946
1778,9,-2144,0.1,0.25,1413
1779,5,-2384,0.1,0.38,3311
1780,6,-3610,0.1,0.41,3426
1781,9,-3788,0.1,0.42,3172
1782,6,-3721,0.1,0.46,4935
1783,7,-4229,0.1,0.39,4695
1784,9,-3550,0.1,0.52,3425
1785,8,-4881,0.1,0.59,5930
1786,10,-5444,0.1,0.41,6365
1787,8,-3676,0.1,0.43,4756
1788,5,-3786,0.1,0.39,3288
1789,2,-1633,0.1,0.36,14632
1790,1,-583,0.1,0.26,21067
1791,10,-2731,0.1,0.15,1615
1792,10,-1403,0.1,0.11,1081
1793,2,-975,0.1,0.1,1216
1794,9,-1008,0.1,0.08,878
1795,4,-453,0.1,0.1,270
1796,7,-898,0.1,0.15,1802
1797,3,-1463,0.1,0.15,1049
1798,3,-1460,0.1,0.2,485
1799,5,-1817,0.1,0.22,1281
1800,3,-1909,0.1,0.22,2401
1801,1,-702,0.1,0.25,18056
1802,5,-2354,0.1,0.38,2634
1803,6,-3302,0.1,0.41,3478
1804,4,-3731,0.1,0.42,5170
1805,2,-1531,0.1,0.46,29174
1806,10,-4527,0.1,0.39,4490
1807,4,-3541,0.1,0.52,4007
1808,6,-4678,0.1,0.59,6404
1809,3,-2183,0.1,0.41,27353
1810,1,-594,0.1,0.43,26717
1811,10,-4137,0.1,0.39,4760
1812,6,-3676,0.1,0.36,3436
1813,2,-1559,0.1,0.26,11455
1814,10,-2684,0.1,0.15,2368
1815,10,-1527,0.1,0.11,2110
1816,8,-1056,0.1,0.1,1364
1817,9,-967,0.1,0.08,1050
1818,4,-399,0.1,0.1,669
1819,6,-880,0.1,0.15,1309
1820,1,-1065,0.1,0.15,3377
1821,6,-1511,0.1,0.2,800
1822,2,-1692,0.1,0.22,1748
1823,9,-1992,0.1,0.22,2898
1824,10,-2011,0.1,0.25,1481
1825,7,-2241,0.1,0.38,3914
1826,3,-2828,0.1,0.41,8807
1827,7,-3934,0.1,0.42,4172
1828,2,-1473,0.1,0.46,20827
1829,6,-4139,0.1,0.39,3928
1830,10,-3675,0.1,0.52,2990
1831,7,-4612,0.1,0.59,4605
1832,6,-5478,0.1,0.41,4951
1833,9,-3859,0.1,0.43,5581
1834,7,-4014,0.1,0.39,4382
1835,6,-3606,0.1,0.36,5934
1836,10,-3481,0.1,0.26,2282
1837,3,-2305,0.1,0.15,2211
1838,6,-1538,0.1,0.11,1424
1839,7,-1074,0.1,0.1,1548
1840,4,-926,0.1,0.08,1538
1841,4,-469,0.1,0.1,197
1842,3,-902,0.1,0.15,1737
1843,9,-1430,0.1,0.15,1182
1844,10,-1422,0.1,0.2,1151
1845,1,-715,0.1,0.22,14177
1846,9,-2081,0.1,0.22,1549
1847,5,-1938,0.1,0.25,1372
1848,5,-2267,0.1,0.38,1846
1849,3,-3183,0.1,0.41,4942
1850,6,-3652,0.1,0.42,4119
1851,1,-680,0.1,0.46,28293
1852,2,-1286,0.1,0.39,27813
1853,4,-3507,0.1,0.52,3661
1854,9,-4977,0.1,0.59,5019
1855,2,-1399,0.1,0.41,43383
1856,2,-1203,0.1,0.43,27705
1857,2,-1213,0.1,0.39,26600
1858,10,-3830,0.1,0.36,3122
1859,5,-3260,0.1,0.26,2229
1860,1,-706,0.1,0.15,17375
1861,6,-1602,0.1,0.11,1515
1862,5,-1081,0.1,0.1,273
1863,7,-926,0.1,0.08,1215
1864,4,-434,0.1,0.1,905
1865,4,-880,0.1,0.15,989
1866,1,-820,0.1,0.15,4867
1867,1,-911,0.1,0.2,4199
1868,8,-1861,0.1,0.22,1447
1869,7,-2017,0.1,0.22,2190
1870,7,-1968,0.1,0.25,2578
1871,6,-2222,0.1,0.38,2872
1872,10,-3517,0.1,0.41,4722
1873,2,-1434,0.1,0.42,21665
1874,7,-3816,0.1,0.46,4395
1875,1,-680,0.1,0.39,31463
1876,6,-3551,0.1,0.52,2790
1877,9,-4958,0.1,0.59,4923
1878,10,-5311,0.1,0.41,7421
1879,10,-3967,0.1,0.43,3002
1880,7,-3769,0.1,0.39,5612
1881,2,-1397,0.1,0.36,25474
1882,3,-2361,0.1,0.26,8084
1883,2,-2063,0.1,0.15,4416
1884,8,-1579,0.1,0.11,846
1885,5,-943,0.1,0.1,1528
1886,8,-875,0.1,0.08,429
1887,4,-470,0.1,0.1,766
1888,10,-841,0.1,0.15,827
1889,9,-1476,0.1,0.15,651
1890,3,-1393,0.1,0.2,1559
1891,3,-1844,0.1,0.22,2608
1892,5,-2025,0.1,0.22,1897
1893,9,-2122,0.1,0.25,2453
1894,1,-677,0.1,0.38,19559
1895,3,-2773,0.1,0.41,5612
1896,10,-3907,0.1,0.42,4621
1897,3,-2771,0.1,0.46,8772
1898,3,-2589,0.1,0.39,15388
1899,2,-1243,0.1,0.52,24860
1900,3,-1971,0.1,0.59,21490
1901,2,-1198,0.1,0.41,35807
1902,10,-4146,0.1,0.43,4222
1903,2,-1348,0.1,0.39,31271
1904,1,-574,0.1,0.36,26055
1905,2,-1445,0.1,0.26,19371
1906,8,-2763,0.1,0.15,2237
1907,10,-1362,0.1,0.11,1905
1908,6,-1072,0.1,0.1,2356
1909,4,-977,0.1,0.08,1698
1910,4,-440,0.1,0.1,1093
1911,3,-871,0.1,0.15,1581
1912,3,-1399,0.1,0.15,1861
1913,9,-1396,0.1,0.2,758
1914,2,-1709,0.1,0.22,1221
1915,5,-2030,0.1,0.22,2097
1916,9,-1886,0.1,0.25,4063
1917,6,-2334,0.1,0.38,2445
1918,3,-3291,0.1,0.41,4449
1919,8,-3832,0.1,0.42,3441
1920,8,-3893,0.1,0.46,4179
1921,2,-1251,0.1,0.39,27222
1922,8,-3902,0.1,0.52,2631
1923,8,-4613,0.1,0.59,5008
1924,7,-5384,0.1,0.41,5397
1925,9,-3925,0.1,0.43,3479
1926,9,-3955,0.1,0.39,3246
1927,4,-3618,0.1,0.36,3181
1928,8,-3420,0.1,0.26,2586
1929,8,-2425,0.1,0.15,3108
1930,10,-1371,0.1,0.11,1462
1931,10,-962,0.1,0.1,1445
1932,8,-793,0.1,0.08,746
1933,4,-450,0.1,0.1,393
1934,1,-923,0.1,0.15,1338
1935,2,-1436,0.1,0.15,2371
1936,4,-1468,0.1,0.2,646
1937,10,-1787,0.1,0.22,2272
1938,7,-2051,0.1,0.22,1716
1939,3,-1862,0.1,0.25,1748
1940,3,-2307,0.1,0.38,1409
1941,3,-3427,0.1,0.41,4996
1942,7,-3779,0.1,0.42,4188
1943,10,-3916,0.1,0.46,3898
1944,6,-4162,0.1,0.39,5270
1945,3,-2602,0.1,0.52,11314
1946,7,-5063,0.1,0.59,5957
1947,7,-5426,0.1,0.41,6850
1948,2,-1441,0.1,0.43,20404
1949,3,-2350,0.1,0.39,12733
1950,8,-3952,0.1,0.36,3025
1951,6,-3262,0.1,0.26,3912
1952,6,-2190,0.1,0.15,2374
1953,2,-1350,0.1,0.11,2939
1954,8,-1260,0.1,0.1,1561
1955,9,-964,0.1,0.08,441
1956,4,-450,0.1,0.1,984
1957,4,-886,0.1,0.15,1302
1958,1,-1066,0.1,0.15,1976
1959,5,-1433,0.1,0.2,1092
1960,6,-1690,0.1,0.22,2030
1961,2,-1921,0.1,0.22,2573
1962,7,-2071,0.1,0.25,1958
1963,5,-2226,0.1,0.38,2379
1964,8,-3476,0.1,0.41,3712
1965,8,-3798,0.1,0.42,3555
1966,10,-3865,0.1,0.46,4138
1967,7,-4075,0.1,0.39,5463
1968,8,-3624,0.1,0.52,2649
1969,6,-4676,0.1,0.59,3442
1970,3,-2108,0.1,0.41,27202
1971,4,-3505,0.1,0.43,6949
1972,8,-4035,0.1,0.39,4150
1973,6,-3587,0.1,0.36,3565
1974,7,-3561,0.1,0.26,2888
1975,1,-650,0.1,0.15,16979
1976,2,-1413,0.1,0.11,1979
1977,8,-1128,0.1,0.1,633
1978,10,-955,0.1,0.08,1331
1979,4,-485,0.1,0.1,335
1980,7,-884,0.1,0.15,610
1981,9,-1497,0.1,0.15,1582
1982,2,-1385,0.1,0.2,1197
1983,6,-1926,0.1,0.22,1139
1984,1,-663,0.1,0.22,15811
1985,8,-2094,0.1,0.25,1023
1986,1,-666,0.1,0.38,19359
1987,6,-3423,0.1,0.41,4095
1988,1,-652,0.1,0.42,27621
1989,4,-3736,0.1,0.46,2799
1990,10,-4378,0.1,0.39,3571
1991,2,-1461,0.1,0.52,22097
1992,6,-4751,0.1,0.59,5010
1993,8,-5198,0.1,0.41,5785
1994,6,-3754,0.1,0.43,5006
1995,10,-3900,0.1,0.39,4680
1996,4,-3311,0.1,0.36,3050
1997,6,-3301,0.1,0.26,3887
1998,3,-2347,0.1,0.15,3147
1999,10,-1467,0.1,0.11,1852
2000,8,-976,0.1,0.1,1401
2001,1,-883,0.1,0.08,1445
2002,4,-490,0.1,0.1,411
2003,10,-832,0.1,0.15,39
2004,6,-1291,0.1,0.15,1250
2005,1,-649,0.1,0.2,6699
2006,10,-1881,0.1,0.22,2273
2007,4,-2002,0.1,0.22,1878
2008,5,-2097,0.1,0.25,2109
2009,4,-2325,0.1,0.38,2754
2010,4,-3615,0.1,0.41,3738
2011,8,-3813,0.1,0.42,6295
2012,7,-3945,0.1,0.46,3218
2013,5,-4216,0.1,0.39,5141
2014,9,-3758,0.1,0.52,4094
2015,9,-4816,0.1,0.59,5620
2016,5,-5314,0.1,0.41,6203
2017,8,-4075,0.1,0.43,3417
2018,3,-2884,0.1,0.39,9779
2019,2,-1337,0.1,0.36,11201
2020,6,-3396,0.1,0.26,4410
2021,1,-679,0.1,0.15,18889
2022,3,-1494,0.1,0.11,1758
2023,1,-996,0.1,0.1,1595
2024,10,-946,0.1,0.08,606
2025,4,-447,0.1,0.1,509
2026,5,-933,0.1,0.15,1030
2027,5,-1380,0.1,0.15,2406
2028,8,-1388,0.1,0.2,1567
2029,8,-1710,0.1,0.22,3218
2030,3,-1969,0.1,0.22,2629
2031,6,-1969,0.1,0.25,2118
2032,4,-2248,0.1,0.38,3304
2033,10,-3398,0.1,0.41,5682
2034,5,-3734,0.1,0.42,2939
2035,8,-3938,0.1,0.46,3345
2036,3,-2658,0.1,0.39,12925
2037,3,-3208,0.1,0.52,6064
2038,9,-5089,0.1,0.59,4722
2039,5,-5266,0.1,0.41,7075
2040,10,-4210,0.1,0.43,5294
2041,9,-3834,0.1,0.39,2996
2042,6,-3505,0.1,0.36,3749
2043,7,-3274,0.1,0.26,4759
2044,10,-2581,0.1,0.15,2469
2045,10,-1327,0.1,0.11,2056
2046,8,-1044,0.1,0.1,1079
2047,4,-844,0.1,0.08,560
2048,4,-406,0.1,0.1,764
2049,2,-1007,0.1,0.15,774
2050,9,-1304,0.1,0.15,2523
2051,4,-1336,0.1,0.2,1713
2052,9,-1972,0.1,0.22,2035
2053,1,-719,0.1,0.22,15205
2054,7,-2208,0.1,0.25,1587
2055,3,-2251,0.1,0.38,2900
2056,7,-3482,0.1,0.41,4914
2057,6,-3819,0.1,0.42,3278
2058,3,-2887,0.1,0.46,11615
2059,3,-2535,0.1,0.39,14269
2060,6,-3800,0.1,0.52,4154
2061,4,-4406,0.1,0.59,6287
2062,9,-5476,0.1,0.41,5255
2063,6,-3755,0.1,0.43,5081
2064,2,-1274,0.1,0.39,27036
2065,5,-3482,0.1,0.36,4513
2066,2,-1853,0.1,0.26,9991
2067,1,-624,0.1,0.15,23368
2068,10,-1695,0.1,0.11,2059
2069,7,-1092,0.1,0.1,1940
2070,6,-944,0.1,0.08,652
2071,4,-437,0.1,0.1,262
2072,8,-867,0.1,0.15,1116
2073,2,-1441,0.1,0.15,1414
2074,1,-1222,0.1,0.2,2018
2075,9,-1894,0.1,0.22,1833
2076,7,-1912,0.1,0.22,2333
2077,1,-711,0.1,0.25,14291
2078,5,-2312,0.1,0.38,1932
2079,7,-3449,0.1,0.41,3884
2080,6,-3770,0.1,0.42,4933
2081,4,-3725,0.1,0.46,4808
2082,3,-3213,0.1,0.39,14783
2083,5,-3893,0.1,0.52,2743
2084,3,-2744,0.1,0.59,14193
2085,10,-5446,0.1,0.41,6671
2086,10,-3828,0.1,0.43,3271
2087,8,-3887,0.1,0.39,4964
2088,4,-3456,0.1,0.36,2667
2089,9,-3541,0.1,0.26,4715
2090,10,-2350,0.1,0.15,2316
2091,6,-1457,0.1,0.11,2252
2092,5,-1036,0.1,0.1,780
2093,8,-1104,0.1,0.08,752
2094,4,-480,0.1,0.1,207
2095,8,-920,0.1,0.15,1120
2096,4,-1293,0.1,0.15,2082
2097,9,-1313,0.1,0.2,1144
2098,7,-1866,0.1,0.22,1397
2099,7,-1972,0.1,0.22,2105
2100,10,-2077,0.1,0.25,2327
2101,10,-2316,0.1,0.38,2907
2102,6,-3406,0.1,0.41,3191
2103,4,-3784,0.1,0.42,4463
2104,6,-3990,0.1,0.46,4239
2105,4,-4080,0.1,0.39,6800
2106,6,-3834,0.1,0.52,2392
2107,8,-4921,0.1,0.59,7036
2108,5,-5281,0.1,0.41,5009
2109,2,-1439,0.1,0.43,31319
2110,10,-4348,0.1,0.39,4200
2111,7,-3653,0.1,0.36,3528
2112,10,-3235,0.1,0.26,4710
2113,7,-2364,0.1,0.15,2104
2114,10,-1536,0.1,0.11,1952
2115,2,-994,0.1,0.1,57
2116,4,-883,0.1,0.08,579
2117,4,-467,0.1,0.1,103
2118,1,-898,0.1,0.15,1086
2119,10,-1288,0.1,0.15,1217
2120,3,-1370,0.1,0.2,713
2121,3,-1870,0.1,0.22,1612
2122,4,-1980,0.1,0.22,2851
2123,2,-2039,0.1,0.25,992
2124,3,-2328,0.1,0.38,3476
2125,3,-3477,0.1,0.41,5951
2126,3,-3363,0.1,0.42,9760
2127,1,-660,0.1,0.46,27560
2128,8,-4256,0.1,0.39,4445
2129,10,-3732,0.1,0.52,4785
2130,8,-4829,0.1,0.59,4246
2131,1,-643,0.1,0.41,38827
2132,3,-3010,0.1,0.43,7948
2133,5,-4105,0.1,0.39,6931
2134,6,-3610,0.1,0.36,5252
2135,6,-3498,0.1,0.26,4215
2136,2,-2175,0.1,0.15,6005
2137,8,-1766,0.1,0.11,1156
2138,4,-859,0.1,0.1,694
2139,9,-1010,0.1,0.08,942
2140,4,-387,0.1,0.1,263
2141,8,-983,0.1,0.15,1196
2142,3,-1334,0.1,0.15,1508
2143,9,-1332,0.1,0.2,1079
2144,6,-1844,0.1,0.22,1517
2145,5,-2074,0.1,0.22,2458
2146,4,-1997,0.1,0.25,2156
2147,6,-2282,0.1,0.38,2419
2148,7,-3475,0.1,0.41,2292
2149,2,-1487,0.1,0.42,16446
2150,5,-3926,0.1,0.46,2763
2151,1,-649,0.1,0.39,26664
2152,10,-3652,0.1,0.52,3538
2153,7,-4823,0.1,0.59,3218
2154,3,-2251,0.1,0.41,36580
2155,3,-2198,0.1,0.43,16304
2156,10,-4243,0.1,0.39,3295
2157,7,-3606,0.1,0.36,2670
2158,7,-3422,0.1,0.26,3486
2159,9,-2443,0.1,0.15,1947
2160,6,-1409,0.1,0.11,2297
2161,6,-1027,0.1,0.1,1896
2162,10,-989,0.1,0.08,1284
2163,4,-460,0.1,0.1,197
2164,2,-848,0.1,0.15,759
2165,1,-797,0.1,0.15,2981
2166,10,-1375,0.1,0.2,2270
2167,5,-1851,0.1,0.22,1894
2168,8,-2032,0.1,0.22,2916
2169,6,-2021,0.1,0.25,2944
2170,2,-2165,0.1,0.38,5191
2171,4,-3462,0.1,0.41,6606
2172,5,-3974,0.1,0.42,4826
2173,2,-1540,0.1,0.46,26163
2174,6,-4362,0.1,0.39,4688
2175,1,-597,0.1,0.52,26559
2176,8,-5009,0.1,0.59,5722
2177,6,-5273,0.1,0.41,6759
2178,7,-3882,0.1,0.43,4354
2179,4,-3800,0.1,0.39,7078
2180,7,-3619,0.1,0.36,2610
2181,6,-3208,0.1,0.26,3628
2182,4,-2366,0.1,0.15,3492
2183,5,-1421,0.1,0.11,2311
2184,2,-1007,0.1,0.1,1485
2185,8,-1015,0.1,0.08,516
2186,4,-457,0.1,0.1,767
2187,7,-886,0.1,0.15,874
2188,7,-1437,0.1,0.15,1704
2189,5,-1318,0.1,0.2,1496
2190,2,-1710,0.1,0.22,1625
2191,5,-1983,0.1,0.22,2061
2192,1,-680,0.1,0.25,16736
2193,1,-614,0.1,0.38,14242
2194,4,-3424,0.1,0.41,4145
2195,8,-3899,0.1,0.42,4571
2196,4,-3755,0.1,0.46,5293
2197,5,-4258,0.1,0.39,4924
2198,5,-3553,0.1,0.52,2982
2199,6,-4726,0.1,0.59,4165
2200,10,-5517,0.1,0.41,5475
2201,6,-3756,0.1,0.43,3803
2202,7,-4125,0.1,0.39,3677
2203,7,-3547,0.1,0.36,4266
2204,7,-3369,0.1,0.26,2904
2205,5,-2547,0.1,0.15,2397
2206,2,-1336,0.1,0.11,625
2207,5,-927,0.1,0.1,1302
2208,5,-915,0.1,0.08,1337
2209,4,-403,0.1,0.1,484
2210,3,-936,0.1,0.15,1362
2211,4,-1442,0.1,0.15,1968
2212,6,-1312,0.1,0.2,1603
2213,10,-1852,0.1,0.22,3046
2214,6,-1975,0.1,0.22,1080
2215,1,-685,0.1,0.25,18635
2216,3,-2165,0.1,0.38,2891
2217,9,-3487,0.1,0.41,4216
2218,1,-635,0.1,0.42,23710
2219,10,-3893,0.1,0.46,4352
2220,5,-4448,0.1,0.39,3728
2221,3,-3305,0.1,0.52,7059
2222,2,-1367,0.1,0.59,34978
2223,3,-1984,0.1,0.41,35932
2224,9,-3991,0.1,0.43,3806
2225,5,-3865,0.1,0.39,6602
2226,7,-3805,0.1,0.36,2786
2227,1,-738,0.1,0.26,25356
2228,5,-2576,0.1,0.15,2201
2229,9,-1523,0.1,0.11,1789
2230,2,-955,0.1,0.1,827
2231,5,-974,0.1,0.08,775
2232,4,-447,0.1,0.1,961
2233,6,-856,0.1,0.15,1312
2234,2,-1309,0.1,0.15,1451
2235,10,-1410,0.1,0.2,1504
2236,10,-1805,0.1,0.22,2006
2237,3,-2065,0.1,0.22,3597
2238,3,-2077,0.1,0.25,3093
2239,2,-2285,0.1,0.38,2191
2240,9,-3403,0.1,0.41,5699
2241,10,-3917,0.1,0.42,3367
2242,7,-3781,0.1,0.46,3151
2243,4,-4276,0.1,0.39,6698
2244,6,-3711,0.1,0.52,2887
2245,7,-4769,0.1,0.59,6710
2246,10,-5484,0.1,0.41,6721
2247,10,-3925,0.1,0.43,5338
2248,1,-665,0.1,0.39,29882
2249,6,-3541,0.1,0.36,4149
2250,5,-3327,0.1,0.26,3499
2251,7,-2426,0.1,0.15,3172
2252,9,-1405,0.1,0.11,2499
2253,9,-1004,0.1,0.1,1030
2254,10,-955,0.1,0.08,188
2255,4,-454,0.1,0.1,36
2256,2,-859,0.1,0.15,853
2257,2,-1392,0.1,0.15,1139
2258,7,-1363,0.1,0.2,1812
2259,9,-1880,0.1,0.22,1917
2260,9,-1913,0.1,0.22,2154
2261,3,-2156,0.1,0.25,2757
2262,5,-2443,0.1,0.38,3190
2263,7,-3303,0.1,0.41,3074
2264,6,-3828,0.1,0.42,3959
2265,6,-3893,0.1,0.46,2865
2266,1,-660,0.1,0.39,34354
2267,2,-1418,0.1,0.52,22223
2268,1,-599,0.1,0.59,33887
2269,6,-5076,0.1,0.41,4522
2270,4,-3635,0.1,0.43,3631
2271,10,-3684,0.1,0.39,3560
2272,4,-3630,0.1,0.36,2735
2273,8,-3477,0.1,0.26,3920
2274,1,-732,0.1,0.15,18513
2275,4,-1473,0.1,0.11,842
2276,1,-943,0.1,0.1,2729
2277,2,-901,0.1,0.08,365
2278,4,-502,0.1,0.1,509
2279,4,-919,0.1,0.15,807
2280,10,-1205,0.1,0.15,2098
2281,10,-1283,0.1,0.2,267
2282,4,-1800,0.1,0.22,1177
2283,10,-2083,0.1,0.22,2071
2284,9,-1909,0.1,0.25,2876
2285,8,-2197,0.1,0.38,3101
2286,9,-3473,0.1,0.41,2582
2287,4,-3587,0.1,0.42,5142
2288,2,-1464,0.1,0.46,23523
2289,5,-4067,0.1,0.39,4608
2290,3,-3320,0.1,0.52,5425
2291,3,-2480,0.1,0.59,25036
2292,3,-1731,0.1,0.41,44363
2293,7,-4049,0.1,0.43,5276
2294,1,-657,0.1,0.39,24457
2295,10,-3710,0.1,0.36,3819
2296,9,-3328,0.1,0.26,3788
2297,5,-2427,0.1,0.15,3303
2298,3,-1466,0.1,0.11,1955
2299,10,-1100,0.1,0.1,1209
2300,4,-995,0.1,0.08,1236